listing_id,supplier_id,product_id,seller_sku,condition,price,stock_quantity,lead_time_days,status,updated_at
1,4,1,DEMO-S04-P0001,NEW,3833.69,20,27,ACTIVE,2026-09-01 00:00:00
2,11,1,DEMO-S11-P0001,REFURBISHED,2760.26,16,20,ACTIVE,2026-09-01 00:00:00
3,23,1,DEMO-S23-P0001,USED,1916.85,10,18,ACTIVE,2026-09-01 00:00:00
4,28,2,DEMO-S28-P0002,NEW,1106.89,17,31,ACTIVE,2026-09-01 00:00:00
5,35,2,DEMO-S35-P0002,REFURBISHED,796.96,21,24,ACTIVE,2026-09-01 00:00:00
6,7,2,DEMO-S07-P0002,USED,553.44,11,22,ACTIVE,2026-09-01 00:00:00
7,40,3,DEMO-S40-P0003,NEW,362.08,1,49,DRAFT,2026-09-01 00:00:00
8,7,3,DEMO-S07-P0003,REFURBISHED,260.69,3,42,ACTIVE,2026-09-01 00:00:00
9,19,3,DEMO-S19-P0003,USED,181.04,8,40,ACTIVE,2026-09-01 00:00:00
10,34,4,DEMO-S34-P0004,NEW,20606.52,16,33,ACTIVE,2026-09-01 00:00:00
11,1,4,DEMO-S01-P0004,REFURBISHED,14836.69,0,26,ACTIVE,2026-09-01 00:00:00
12,13,4,DEMO-S13-P0004,USED,10303.26,13,24,ACTIVE,2026-09-01 00:00:00
13,24,5,DEMO-S24-P0005,NEW,2177.93,11,63,ACTIVE,2026-09-01 00:00:00
14,31,5,DEMO-S31-P0005,REFURBISHED,1568.11,1,56,ACTIVE,2026-09-01 00:00:00
15,3,5,DEMO-S03-P0005,USED,1088.97,7,54,ACTIVE,2026-09-01 00:00:00
16,2,6,DEMO-S02-P0006,NEW,1097.84,9,68,ACTIVE,2026-09-01 00:00:00
17,9,6,DEMO-S09-P0006,REFURBISHED,790.45,13,61,ACTIVE,2026-09-01 00:00:00
18,21,6,DEMO-S21-P0006,USED,548.92,6,59,ACTIVE,2026-09-01 00:00:00
19,40,7,DEMO-S40-P0007,NEW,4397.61,5,46,DRAFT,2026-09-01 00:00:00
20,7,7,DEMO-S07-P0007,REFURBISHED,3166.28,15,39,ACTIVE,2026-09-01 00:00:00
21,19,7,DEMO-S19-P0007,USED,2198.81,1,37,ACTIVE,2026-09-01 00:00:00
22,18,8,DEMO-S18-P0008,NEW,477.94,0,50,ACTIVE,2026-09-01 00:00:00
23,25,8,DEMO-S25-P0008,REFURBISHED,344.12,6,43,ACTIVE,2026-09-01 00:00:00
24,37,8,DEMO-S37-P0008,USED,238.97,14,41,DRAFT,2026-09-01 00:00:00
25,12,9,DEMO-S12-P0009,NEW,4970.58,14,22,ACTIVE,2026-09-01 00:00:00
26,19,9,DEMO-S19-P0009,REFURBISHED,3578.81,22,15,ACTIVE,2026-09-01 00:00:00
27,31,9,DEMO-S31-P0009,USED,2485.29,11,13,ACTIVE,2026-09-01 00:00:00
28,36,10,DEMO-S36-P0010,NEW,2456.70,1,33,ACTIVE,2026-09-01 00:00:00
29,3,10,DEMO-S03-P0010,REFURBISHED,1768.83,4,26,ACTIVE,2026-09-01 00:00:00
30,15,10,DEMO-S15-P0010,USED,1228.35,17,24,ACTIVE,2026-09-01 00:00:00
31,30,11,DEMO-S30-P0011,NEW,887.73,20,40,ACTIVE,2026-09-01 00:00:00
32,37,11,DEMO-S37-P0011,REFURBISHED,639.17,6,33,DRAFT,2026-09-01 00:00:00
33,9,11,DEMO-S09-P0011,USED,443.87,0,31,ACTIVE,2026-09-01 00:00:00
34,30,12,DEMO-S30-P0012,NEW,585.80,15,49,ACTIVE,2026-09-01 00:00:00
35,37,12,DEMO-S37-P0012,REFURBISHED,421.78,1,42,DRAFT,2026-09-01 00:00:00
36,9,12,DEMO-S09-P0012,USED,292.90,5,40,ACTIVE,2026-09-01 00:00:00
37,12,13,DEMO-S12-P0013,NEW,2889.79,20,33,ACTIVE,2026-09-01 00:00:00
38,19,13,DEMO-S19-P0013,REFURBISHED,2080.65,12,26,ACTIVE,2026-09-01 00:00:00
39,31,13,DEMO-S31-P0013,USED,1444.90,23,24,ACTIVE,2026-09-01 00:00:00
40,40,14,DEMO-S40-P0014,NEW,310.36,22,46,DRAFT,2026-09-01 00:00:00
41,7,14,DEMO-S07-P0014,REFURBISHED,223.46,14,39,ACTIVE,2026-09-01 00:00:00
42,19,14,DEMO-S19-P0014,USED,155.18,1,37,ACTIVE,2026-09-01 00:00:00
43,19,15,DEMO-S19-P0015,NEW,4955.66,21,36,ACTIVE,2026-09-01 00:00:00
44,26,15,DEMO-S26-P0015,REFURBISHED,3568.07,0,29,ACTIVE,2026-09-01 00:00:00
45,38,15,DEMO-S38-P0015,USED,2477.83,9,27,DRAFT,2026-09-01 00:00:00
46,22,16,DEMO-S22-P0016,NEW,3372.85,5,15,ACTIVE,2026-09-01 00:00:00
47,29,16,DEMO-S29-P0016,REFURBISHED,2428.45,4,8,ACTIVE,2026-09-01 00:00:00
48,1,16,DEMO-S01-P0016,USED,1686.42,24,6,ACTIVE,2026-09-01 00:00:00
49,31,17,DEMO-S31-P0017,NEW,10663.08,1,44,ACTIVE,2026-09-01 00:00:00
50,38,17,DEMO-S38-P0017,REFURBISHED,7677.41,10,37,DRAFT,2026-09-01 00:00:00
51,10,17,DEMO-S10-P0017,USED,5331.54,12,35,ACTIVE,2026-09-01 00:00:00
52,27,18,DEMO-S27-P0018,NEW,1903.09,5,44,ACTIVE,2026-09-01 00:00:00
53,34,18,DEMO-S34-P0018,REFURBISHED,1370.23,10,37,ACTIVE,2026-09-01 00:00:00
54,6,18,DEMO-S06-P0018,USED,951.55,6,35,ACTIVE,2026-09-01 00:00:00
55,7,19,DEMO-S07-P0019,NEW,4683.11,0,34,ACTIVE,2026-09-01 00:00:00
56,14,19,DEMO-S14-P0019,REFURBISHED,3371.84,1,27,ACTIVE,2026-09-01 00:00:00
57,26,19,DEMO-S26-P0019,USED,2341.56,15,25,ACTIVE,2026-09-01 00:00:00
58,13,20,DEMO-S13-P0020,NEW,487.41,11,46,ACTIVE,2026-09-01 00:00:00
59,20,20,DEMO-S20-P0020,REFURBISHED,350.94,17,39,ACTIVE,2026-09-01 00:00:00
60,32,20,DEMO-S32-P0020,USED,243.70,23,37,ACTIVE,2026-09-01 00:00:00
61,15,21,DEMO-S15-P0021,NEW,685.36,14,49,ACTIVE,2026-09-01 00:00:00
62,22,21,DEMO-S22-P0021,REFURBISHED,493.46,8,42,ACTIVE,2026-09-01 00:00:00
63,34,21,DEMO-S34-P0021,USED,342.68,1,40,ACTIVE,2026-09-01 00:00:00
64,38,22,DEMO-S38-P0022,NEW,8958.20,14,49,DRAFT,2026-09-01 00:00:00
65,5,22,DEMO-S05-P0022,REFURBISHED,6449.90,14,42,ACTIVE,2026-09-01 00:00:00
66,17,22,DEMO-S17-P0022,USED,4479.10,0,40,ACTIVE,2026-09-01 00:00:00
67,29,23,DEMO-S29-P0023,NEW,3849.60,9,40,ACTIVE,2026-09-01 00:00:00
68,36,23,DEMO-S36-P0023,REFURBISHED,2771.71,24,33,ACTIVE,2026-09-01 00:00:00
69,8,23,DEMO-S08-P0023,USED,1924.80,11,31,ACTIVE,2026-09-01 00:00:00
70,15,24,DEMO-S15-P0024,NEW,12598.36,1,45,ACTIVE,2026-09-01 00:00:00
71,22,24,DEMO-S22-P0024,REFURBISHED,9070.82,24,38,ACTIVE,2026-09-01 00:00:00
72,34,24,DEMO-S34-P0024,USED,6299.18,23,36,ACTIVE,2026-09-01 00:00:00
73,30,25,DEMO-S30-P0025,NEW,742.17,5,37,ACTIVE,2026-09-01 00:00:00
74,37,25,DEMO-S37-P0025,REFURBISHED,534.36,22,30,DRAFT,2026-09-01 00:00:00
75,9,25,DEMO-S09-P0025,USED,371.08,23,28,ACTIVE,2026-09-01 00:00:00
76,30,26,DEMO-S30-P0026,NEW,1806.70,8,35,ACTIVE,2026-09-01 00:00:00
77,37,26,DEMO-S37-P0026,REFURBISHED,1300.82,0,28,DRAFT,2026-09-01 00:00:00
78,9,26,DEMO-S09-P0026,USED,903.35,20,26,ACTIVE,2026-09-01 00:00:00
79,16,27,DEMO-S16-P0027,NEW,1403.70,10,43,ACTIVE,2026-09-01 00:00:00
80,23,27,DEMO-S23-P0027,REFURBISHED,1010.67,8,36,ACTIVE,2026-09-01 00:00:00
81,35,27,DEMO-S35-P0027,USED,701.85,17,34,ACTIVE,2026-09-01 00:00:00
82,17,28,DEMO-S17-P0028,NEW,778.65,15,30,ACTIVE,2026-09-01 00:00:00
83,24,28,DEMO-S24-P0028,REFURBISHED,560.63,11,23,ACTIVE,2026-09-01 00:00:00
84,36,28,DEMO-S36-P0028,USED,389.33,1,21,ACTIVE,2026-09-01 00:00:00
85,36,29,DEMO-S36-P0029,NEW,6924.98,23,33,ACTIVE,2026-09-01 00:00:00
86,3,29,DEMO-S03-P0029,REFURBISHED,4985.99,20,26,ACTIVE,2026-09-01 00:00:00
87,15,29,DEMO-S15-P0029,USED,3462.49,10,24,ACTIVE,2026-09-01 00:00:00
88,23,30,DEMO-S23-P0030,NEW,486.68,0,50,ACTIVE,2026-09-01 00:00:00
89,30,30,DEMO-S30-P0030,REFURBISHED,350.41,24,43,ACTIVE,2026-09-01 00:00:00
90,2,30,DEMO-S02-P0030,USED,243.34,13,41,ACTIVE,2026-09-01 00:00:00
91,6,31,DEMO-S06-P0031,NEW,779.06,1,59,ACTIVE,2026-09-01 00:00:00
92,13,31,DEMO-S13-P0031,REFURBISHED,560.93,4,52,ACTIVE,2026-09-01 00:00:00
93,25,31,DEMO-S25-P0031,USED,389.53,10,50,ACTIVE,2026-09-01 00:00:00
94,29,32,DEMO-S29-P0032,NEW,1635.35,4,35,ACTIVE,2026-09-01 00:00:00
95,36,32,DEMO-S36-P0032,REFURBISHED,1177.45,13,28,ACTIVE,2026-09-01 00:00:00
96,8,32,DEMO-S08-P0032,USED,817.67,15,26,ACTIVE,2026-09-01 00:00:00
97,24,33,DEMO-S24-P0033,NEW,456.84,11,49,ACTIVE,2026-09-01 00:00:00
98,31,33,DEMO-S31-P0033,REFURBISHED,328.92,1,42,ACTIVE,2026-09-01 00:00:00
99,3,33,DEMO-S03-P0033,USED,228.42,0,40,ACTIVE,2026-09-01 00:00:00
100,21,34,DEMO-S21-P0034,NEW,1129.56,5,57,ACTIVE,2026-09-01 00:00:00
101,28,34,DEMO-S28-P0034,REFURBISHED,813.28,9,50,ACTIVE,2026-09-01 00:00:00
102,40,34,DEMO-S40-P0034,USED,564.78,21,48,DRAFT,2026-09-01 00:00:00
103,30,35,DEMO-S30-P0035,NEW,7888.22,13,40,ACTIVE,2026-09-01 00:00:00
104,37,35,DEMO-S37-P0035,REFURBISHED,5679.52,9,33,DRAFT,2026-09-01 00:00:00
105,9,35,DEMO-S09-P0035,USED,3944.11,1,31,ACTIVE,2026-09-01 00:00:00
106,37,36,DEMO-S37-P0036,NEW,1410.83,23,34,DRAFT,2026-09-01 00:00:00
107,4,36,DEMO-S04-P0036,REFURBISHED,1015.80,18,27,ACTIVE,2026-09-01 00:00:00
108,16,36,DEMO-S16-P0036,USED,705.42,15,25,ACTIVE,2026-09-01 00:00:00
109,14,37,DEMO-S14-P0037,NEW,10924.73,23,37,ACTIVE,2026-09-01 00:00:00
110,21,37,DEMO-S21-P0037,REFURBISHED,7865.81,0,30,ACTIVE,2026-09-01 00:00:00
111,33,37,DEMO-S33-P0037,USED,5462.37,17,28,ACTIVE,2026-09-01 00:00:00
112,17,38,DEMO-S17-P0038,NEW,1887.73,1,24,ACTIVE,2026-09-01 00:00:00
113,24,38,DEMO-S24-P0038,REFURBISHED,1359.17,7,17,ACTIVE,2026-09-01 00:00:00
114,36,38,DEMO-S36-P0038,USED,943.87,11,15,ACTIVE,2026-09-01 00:00:00
115,8,39,DEMO-S08-P0039,NEW,2638.40,7,27,ACTIVE,2026-09-01 00:00:00
116,15,39,DEMO-S15-P0039,REFURBISHED,1899.65,10,20,ACTIVE,2026-09-01 00:00:00
117,27,39,DEMO-S27-P0039,USED,1319.20,20,18,ACTIVE,2026-09-01 00:00:00
118,26,40,DEMO-S26-P0040,NEW,274.74,20,61,ACTIVE,2026-09-01 00:00:00
119,33,40,DEMO-S33-P0040,REFURBISHED,197.81,1,54,ACTIVE,2026-09-01 00:00:00
120,5,40,DEMO-S05-P0040,USED,137.37,11,52,ACTIVE,2026-09-01 00:00:00
121,17,41,DEMO-S17-P0041,NEW,1156.29,0,24,ACTIVE,2026-09-01 00:00:00
122,24,41,DEMO-S24-P0041,REFURBISHED,832.53,21,17,ACTIVE,2026-09-01 00:00:00
123,36,41,DEMO-S36-P0041,USED,578.14,16,15,ACTIVE,2026-09-01 00:00:00
124,14,42,DEMO-S14-P0042,NEW,3694.05,21,42,ACTIVE,2026-09-01 00:00:00
125,21,42,DEMO-S21-P0042,REFURBISHED,2659.72,15,35,ACTIVE,2026-09-01 00:00:00
126,33,42,DEMO-S33-P0042,USED,1847.03,1,33,ACTIVE,2026-09-01 00:00:00
127,28,43,DEMO-S28-P0043,NEW,2935.89,14,21,ACTIVE,2026-09-01 00:00:00
128,35,43,DEMO-S35-P0043,REFURBISHED,2113.84,10,14,ACTIVE,2026-09-01 00:00:00
129,7,43,DEMO-S07-P0043,USED,1467.95,7,12,ACTIVE,2026-09-01 00:00:00
130,17,44,DEMO-S17-P0044,NEW,2017.24,19,25,ACTIVE,2026-09-01 00:00:00
131,24,44,DEMO-S24-P0044,REFURBISHED,1452.41,18,18,ACTIVE,2026-09-01 00:00:00
132,36,44,DEMO-S36-P0044,USED,1008.62,0,16,ACTIVE,2026-09-01 00:00:00
133,19,45,DEMO-S19-P0045,NEW,6674.50,1,29,ACTIVE,2026-09-01 00:00:00
134,26,45,DEMO-S26-P0045,REFURBISHED,4805.64,5,22,ACTIVE,2026-09-01 00:00:00
135,38,45,DEMO-S38-P0045,USED,3337.25,4,20,DRAFT,2026-09-01 00:00:00
136,18,46,DEMO-S18-P0046,NEW,287.30,6,51,ACTIVE,2026-09-01 00:00:00
137,25,46,DEMO-S25-P0046,REFURBISHED,206.85,7,44,ACTIVE,2026-09-01 00:00:00
138,37,46,DEMO-S37-P0046,USED,143.65,23,42,DRAFT,2026-09-01 00:00:00
139,11,47,DEMO-S11-P0047,NEW,289.38,8,47,ACTIVE,2026-09-01 00:00:00
140,18,47,DEMO-S18-P0047,REFURBISHED,208.35,1,40,ACTIVE,2026-09-01 00:00:00
141,30,47,DEMO-S30-P0047,USED,144.69,24,38,ACTIVE,2026-09-01 00:00:00
142,6,48,DEMO-S06-P0048,NEW,2283.65,16,63,ACTIVE,2026-09-01 00:00:00
143,13,48,DEMO-S13-P0048,REFURBISHED,1644.23,0,56,ACTIVE,2026-09-01 00:00:00
144,25,48,DEMO-S25-P0048,USED,1141.82,22,54,ACTIVE,2026-09-01 00:00:00
145,34,49,DEMO-S34-P0049,NEW,17684.07,5,45,ACTIVE,2026-09-01 00:00:00
146,1,49,DEMO-S01-P0049,REFURBISHED,12732.53,15,38,ACTIVE,2026-09-01 00:00:00
147,13,49,DEMO-S13-P0049,USED,8842.04,1,36,ACTIVE,2026-09-01 00:00:00
148,4,50,DEMO-S04-P0050,NEW,739.63,15,36,ACTIVE,2026-09-01 00:00:00
149,11,50,DEMO-S11-P0050,REFURBISHED,532.53,22,29,ACTIVE,2026-09-01 00:00:00
150,23,50,DEMO-S23-P0050,USED,369.81,17,27,ACTIVE,2026-09-01 00:00:00
151,13,51,DEMO-S13-P0051,NEW,14774.61,19,39,ACTIVE,2026-09-01 00:00:00
152,20,51,DEMO-S20-P0051,REFURBISHED,10637.72,11,32,ACTIVE,2026-09-01 00:00:00
153,32,51,DEMO-S32-P0051,USED,7387.31,20,30,ACTIVE,2026-09-01 00:00:00
154,27,52,DEMO-S27-P0052,NEW,1940.52,0,28,ACTIVE,2026-09-01 00:00:00
155,34,52,DEMO-S34-P0052,REFURBISHED,1397.17,3,21,ACTIVE,2026-09-01 00:00:00
156,6,52,DEMO-S06-P0052,USED,970.26,24,19,ACTIVE,2026-09-01 00:00:00
157,6,53,DEMO-S06-P0053,NEW,826.90,6,65,ACTIVE,2026-09-01 00:00:00
158,13,53,DEMO-S13-P0053,REFURBISHED,595.37,24,58,ACTIVE,2026-09-01 00:00:00
159,25,53,DEMO-S25-P0053,USED,413.45,20,56,ACTIVE,2026-09-01 00:00:00
160,27,54,DEMO-S27-P0054,NEW,6698.95,11,38,ACTIVE,2026-09-01 00:00:00
161,34,54,DEMO-S34-P0054,REFURBISHED,4823.24,1,31,ACTIVE,2026-09-01 00:00:00
162,6,54,DEMO-S06-P0054,USED,3349.48,23,29,ACTIVE,2026-09-01 00:00:00
163,30,55,DEMO-S30-P0055,NEW,7185.07,13,34,ACTIVE,2026-09-01 00:00:00
164,37,55,DEMO-S37-P0055,REFURBISHED,5173.25,6,27,DRAFT,2026-09-01 00:00:00
165,9,55,DEMO-S09-P0055,USED,3592.54,0,25,ACTIVE,2026-09-01 00:00:00
166,27,56,DEMO-S27-P0056,NEW,1911.11,12,49,ACTIVE,2026-09-01 00:00:00
167,34,56,DEMO-S34-P0056,REFURBISHED,1376.00,16,42,ACTIVE,2026-09-01 00:00:00
168,6,56,DEMO-S06-P0056,USED,955.56,1,40,ACTIVE,2026-09-01 00:00:00
169,13,57,DEMO-S13-P0057,NEW,195.00,8,56,ACTIVE,2026-09-01 00:00:00
170,20,57,DEMO-S20-P0057,REFURBISHED,140.40,17,49,ACTIVE,2026-09-01 00:00:00
171,32,57,DEMO-S32-P0057,USED,97.50,3,47,ACTIVE,2026-09-01 00:00:00
172,1,58,DEMO-S01-P0058,NEW,2594.61,11,41,ACTIVE,2026-09-01 00:00:00
173,8,58,DEMO-S08-P0058,REFURBISHED,1868.12,19,34,ACTIVE,2026-09-01 00:00:00
174,20,58,DEMO-S20-P0058,USED,1297.30,8,32,ACTIVE,2026-09-01 00:00:00
175,36,59,DEMO-S36-P0059,NEW,1953.55,1,46,ACTIVE,2026-09-01 00:00:00
176,3,59,DEMO-S03-P0059,REFURBISHED,1406.56,0,39,ACTIVE,2026-09-01 00:00:00
177,15,59,DEMO-S15-P0059,USED,976.78,19,37,ACTIVE,2026-09-01 00:00:00
178,14,60,DEMO-S14-P0060,NEW,901.87,6,52,ACTIVE,2026-09-01 00:00:00
179,21,60,DEMO-S21-P0060,REFURBISHED,649.35,23,45,ACTIVE,2026-09-01 00:00:00
180,33,60,DEMO-S33-P0060,USED,450.94,12,43,ACTIVE,2026-09-01 00:00:00
181,33,61,DEMO-S33-P0061,NEW,318.35,23,82,ACTIVE,2026-09-01 00:00:00
182,40,61,DEMO-S40-P0061,REFURBISHED,229.21,1,75,DRAFT,2026-09-01 00:00:00
183,12,61,DEMO-S12-P0061,USED,159.18,19,73,ACTIVE,2026-09-01 00:00:00
184,8,62,DEMO-S08-P0062,NEW,16175.36,22,24,ACTIVE,2026-09-01 00:00:00
185,15,62,DEMO-S15-P0062,REFURBISHED,11646.26,9,17,ACTIVE,2026-09-01 00:00:00
186,27,62,DEMO-S27-P0062,USED,8087.68,7,15,ACTIVE,2026-09-01 00:00:00
187,7,63,DEMO-S07-P0063,NEW,593.09,0,36,ACTIVE,2026-09-01 00:00:00
188,14,63,DEMO-S14-P0063,REFURBISHED,427.03,14,29,ACTIVE,2026-09-01 00:00:00
189,26,63,DEMO-S26-P0063,USED,296.55,1,27,ACTIVE,2026-09-01 00:00:00
190,32,64,DEMO-S32-P0064,NEW,2992.70,8,29,ACTIVE,2026-09-01 00:00:00
191,39,64,DEMO-S39-P0064,REFURBISHED,2154.75,20,22,DRAFT,2026-09-01 00:00:00
192,11,64,DEMO-S11-P0064,USED,1496.35,19,20,ACTIVE,2026-09-01 00:00:00
193,38,65,DEMO-S38-P0065,NEW,2339.06,3,47,DRAFT,2026-09-01 00:00:00
194,5,65,DEMO-S05-P0065,REFURBISHED,1684.12,22,40,ACTIVE,2026-09-01 00:00:00
195,17,65,DEMO-S17-P0065,USED,1169.53,13,38,ACTIVE,2026-09-01 00:00:00
196,35,66,DEMO-S35-P0066,NEW,1714.18,1,32,ACTIVE,2026-09-01 00:00:00
197,2,66,DEMO-S02-P0066,REFURBISHED,1234.21,18,25,ACTIVE,2026-09-01 00:00:00
198,14,66,DEMO-S14-P0066,USED,857.09,0,23,ACTIVE,2026-09-01 00:00:00
199,31,67,DEMO-S31-P0067,NEW,1300.53,3,27,ACTIVE,2026-09-01 00:00:00
200,38,67,DEMO-S38-P0067,REFURBISHED,936.38,6,20,DRAFT,2026-09-01 00:00:00
201,10,67,DEMO-S10-P0067,USED,650.26,14,18,ACTIVE,2026-09-01 00:00:00
202,10,68,DEMO-S10-P0068,NEW,1784.92,12,24,ACTIVE,2026-09-01 00:00:00
203,17,68,DEMO-S17-P0068,REFURBISHED,1285.14,1,17,ACTIVE,2026-09-01 00:00:00
204,29,68,DEMO-S29-P0068,USED,892.46,10,15,ACTIVE,2026-09-01 00:00:00
205,37,69,DEMO-S37-P0069,NEW,3422.22,4,35,DRAFT,2026-09-01 00:00:00
206,4,69,DEMO-S04-P0069,REFURBISHED,2464.00,10,28,ACTIVE,2026-09-01 00:00:00
207,16,69,DEMO-S16-P0069,USED,1711.11,21,26,ACTIVE,2026-09-01 00:00:00
208,27,70,DEMO-S27-P0070,NEW,1234.08,5,26,ACTIVE,2026-09-01 00:00:00
209,34,70,DEMO-S34-P0070,REFURBISHED,888.54,0,19,ACTIVE,2026-09-01 00:00:00
210,6,70,DEMO-S06-P0070,USED,617.04,1,17,ACTIVE,2026-09-01 00:00:00
211,7,71,DEMO-S07-P0071,NEW,2292.31,5,33,ACTIVE,2026-09-01 00:00:00
212,14,71,DEMO-S14-P0071,REFURBISHED,1650.46,18,26,ACTIVE,2026-09-01 00:00:00
213,26,71,DEMO-S26-P0071,USED,1146.16,5,24,ACTIVE,2026-09-01 00:00:00
214,6,72,DEMO-S06-P0072,NEW,9530.93,20,53,ACTIVE,2026-09-01 00:00:00
215,13,72,DEMO-S13-P0072,REFURBISHED,6862.27,7,46,ACTIVE,2026-09-01 00:00:00
216,25,72,DEMO-S25-P0072,USED,4765.46,7,44,ACTIVE,2026-09-01 00:00:00
217,35,73,DEMO-S35-P0073,NEW,5655.62,1,33,ACTIVE,2026-09-01 00:00:00
218,2,73,DEMO-S02-P0073,REFURBISHED,4072.05,24,26,ACTIVE,2026-09-01 00:00:00
219,14,73,DEMO-S14-P0073,USED,2827.81,18,24,ACTIVE,2026-09-01 00:00:00
220,12,74,DEMO-S12-P0074,NEW,11319.53,0,22,ACTIVE,2026-09-01 00:00:00
221,19,74,DEMO-S19-P0074,REFURBISHED,8150.06,20,15,ACTIVE,2026-09-01 00:00:00
222,31,74,DEMO-S31-P0074,USED,5659.76,8,13,ACTIVE,2026-09-01 00:00:00
223,31,75,DEMO-S31-P0075,NEW,2758.06,11,44,ACTIVE,2026-09-01 00:00:00
224,38,75,DEMO-S38-P0075,REFURBISHED,1985.80,1,37,DRAFT,2026-09-01 00:00:00
225,10,75,DEMO-S10-P0075,USED,1379.03,19,35,ACTIVE,2026-09-01 00:00:00
226,6,76,DEMO-S06-P0076,NEW,1995.49,22,52,ACTIVE,2026-09-01 00:00:00
227,13,76,DEMO-S13-P0076,REFURBISHED,1436.76,16,45,ACTIVE,2026-09-01 00:00:00
228,25,76,DEMO-S25-P0076,USED,997.75,9,43,ACTIVE,2026-09-01 00:00:00
229,12,77,DEMO-S12-P0077,NEW,5957.34,20,32,ACTIVE,2026-09-01 00:00:00
230,19,77,DEMO-S19-P0077,REFURBISHED,4289.29,9,25,ACTIVE,2026-09-01 00:00:00
231,31,77,DEMO-S31-P0077,USED,2978.67,0,23,ACTIVE,2026-09-01 00:00:00
232,12,78,DEMO-S12-P0078,NEW,2726.39,12,18,ACTIVE,2026-09-01 00:00:00
233,19,78,DEMO-S19-P0078,REFURBISHED,1963.00,15,11,ACTIVE,2026-09-01 00:00:00
234,31,78,DEMO-S31-P0078,USED,1363.20,24,9,ACTIVE,2026-09-01 00:00:00
235,12,79,DEMO-S12-P0079,NEW,2198.96,23,19,ACTIVE,2026-09-01 00:00:00
236,19,79,DEMO-S19-P0079,REFURBISHED,1583.25,14,12,ACTIVE,2026-09-01 00:00:00
237,31,79,DEMO-S31-P0079,USED,1099.48,17,10,ACTIVE,2026-09-01 00:00:00
238,27,80,DEMO-S27-P0080,NEW,4365.11,1,46,ACTIVE,2026-09-01 00:00:00
239,34,80,DEMO-S34-P0080,REFURBISHED,3142.88,19,39,ACTIVE,2026-09-01 00:00:00
240,6,80,DEMO-S06-P0080,USED,2182.55,17,37,ACTIVE,2026-09-01 00:00:00
241,37,81,DEMO-S37-P0081,NEW,5750.05,6,22,DRAFT,2026-09-01 00:00:00
242,4,81,DEMO-S04-P0081,REFURBISHED,4140.04,0,15,ACTIVE,2026-09-01 00:00:00
243,16,81,DEMO-S16-P0081,USED,2875.03,10,13,ACTIVE,2026-09-01 00:00:00
244,37,82,DEMO-S37-P0082,NEW,5183.95,10,28,DRAFT,2026-09-01 00:00:00
245,4,82,DEMO-S04-P0082,REFURBISHED,3732.45,1,21,ACTIVE,2026-09-01 00:00:00
246,16,82,DEMO-S16-P0082,USED,2591.98,5,19,ACTIVE,2026-09-01 00:00:00
247,30,83,DEMO-S30-P0083,NEW,1045.79,13,36,ACTIVE,2026-09-01 00:00:00
248,37,83,DEMO-S37-P0083,REFURBISHED,752.97,3,29,DRAFT,2026-09-01 00:00:00
249,9,83,DEMO-S09-P0083,USED,522.89,21,27,ACTIVE,2026-09-01 00:00:00
250,9,84,DEMO-S09-P0084,NEW,1152.31,20,56,ACTIVE,2026-09-01 00:00:00
251,16,84,DEMO-S16-P0084,REFURBISHED,829.66,10,49,ACTIVE,2026-09-01 00:00:00
252,28,84,DEMO-S28-P0084,USED,576.16,1,47,ACTIVE,2026-09-01 00:00:00
253,39,85,DEMO-S39-P0085,NEW,9416.90,0,46,DRAFT,2026-09-01 00:00:00
254,6,85,DEMO-S06-P0085,REFURBISHED,6780.17,21,39,ACTIVE,2026-09-01 00:00:00
255,18,85,DEMO-S18-P0085,USED,4708.45,10,37,ACTIVE,2026-09-01 00:00:00
256,22,86,DEMO-S22-P0086,NEW,2152.64,3,34,ACTIVE,2026-09-01 00:00:00
257,29,86,DEMO-S29-P0086,REFURBISHED,1549.90,5,27,ACTIVE,2026-09-01 00:00:00
258,1,86,DEMO-S01-P0086,USED,1076.32,23,25,ACTIVE,2026-09-01 00:00:00
259,22,87,DEMO-S22-P0087,NEW,9192.33,1,23,ACTIVE,2026-09-01 00:00:00
260,29,87,DEMO-S29-P0087,REFURBISHED,6618.48,4,16,ACTIVE,2026-09-01 00:00:00
261,1,87,DEMO-S01-P0087,USED,4596.17,10,14,ACTIVE,2026-09-01 00:00:00
262,29,88,DEMO-S29-P0088,NEW,2921.70,5,34,ACTIVE,2026-09-01 00:00:00
263,36,88,DEMO-S36-P0088,REFURBISHED,2103.63,4,27,ACTIVE,2026-09-01 00:00:00
264,8,88,DEMO-S08-P0088,USED,1460.85,0,25,ACTIVE,2026-09-01 00:00:00
265,31,89,DEMO-S31-P0089,NEW,2074.40,13,48,ACTIVE,2026-09-01 00:00:00
266,38,89,DEMO-S38-P0089,REFURBISHED,1493.57,1,41,DRAFT,2026-09-01 00:00:00
267,10,89,DEMO-S10-P0089,USED,1037.20,5,39,ACTIVE,2026-09-01 00:00:00
268,39,90,DEMO-S39-P0090,NEW,468.19,19,39,DRAFT,2026-09-01 00:00:00
269,6,90,DEMO-S06-P0090,REFURBISHED,337.10,10,32,ACTIVE,2026-09-01 00:00:00
270,18,90,DEMO-S18-P0090,USED,234.09,11,30,ACTIVE,2026-09-01 00:00:00
271,24,91,DEMO-S24-P0091,NEW,2824.47,24,42,ACTIVE,2026-09-01 00:00:00
272,31,91,DEMO-S31-P0091,REFURBISHED,2033.62,18,35,ACTIVE,2026-09-01 00:00:00
273,3,91,DEMO-S03-P0091,USED,1412.24,1,33,ACTIVE,2026-09-01 00:00:00
274,25,92,DEMO-S25-P0092,NEW,429.99,9,49,ACTIVE,2026-09-01 00:00:00
275,32,92,DEMO-S32-P0092,REFURBISHED,309.59,0,42,ACTIVE,2026-09-01 00:00:00
276,4,92,DEMO-S04-P0092,USED,215.00,20,40,ACTIVE,2026-09-01 00:00:00
277,30,93,DEMO-S30-P0093,NEW,839.92,7,42,ACTIVE,2026-09-01 00:00:00
278,37,93,DEMO-S37-P0093,REFURBISHED,604.74,21,35,DRAFT,2026-09-01 00:00:00
279,9,93,DEMO-S09-P0093,USED,419.96,21,33,ACTIVE,2026-09-01 00:00:00
280,11,94,DEMO-S11-P0094,NEW,3168.78,1,29,ACTIVE,2026-09-01 00:00:00
281,18,94,DEMO-S18-P0094,REFURBISHED,2281.52,18,22,ACTIVE,2026-09-01 00:00:00
282,30,94,DEMO-S30-P0094,USED,1584.39,10,20,ACTIVE,2026-09-01 00:00:00
283,13,95,DEMO-S13-P0095,NEW,899.00,18,56,ACTIVE,2026-09-01 00:00:00
284,20,95,DEMO-S20-P0095,REFURBISHED,647.28,16,49,ACTIVE,2026-09-01 00:00:00
285,32,95,DEMO-S32-P0095,USED,449.50,9,47,ACTIVE,2026-09-01 00:00:00
286,26,96,DEMO-S26-P0096,NEW,799.08,0,72,ACTIVE,2026-09-01 00:00:00
287,33,96,DEMO-S33-P0096,REFURBISHED,575.34,1,65,ACTIVE,2026-09-01 00:00:00
288,5,96,DEMO-S05-P0096,USED,399.54,6,63,ACTIVE,2026-09-01 00:00:00
289,3,97,DEMO-S03-P0097,NEW,1158.23,6,43,ACTIVE,2026-09-01 00:00:00
290,10,97,DEMO-S10-P0097,REFURBISHED,833.93,24,36,ACTIVE,2026-09-01 00:00:00
291,22,97,DEMO-S22-P0097,USED,579.12,16,34,ACTIVE,2026-09-01 00:00:00
292,13,98,DEMO-S13-P0098,NEW,1729.23,14,43,ACTIVE,2026-09-01 00:00:00
293,20,98,DEMO-S20-P0098,REFURBISHED,1245.05,16,36,ACTIVE,2026-09-01 00:00:00
294,32,98,DEMO-S32-P0098,USED,864.62,1,34,ACTIVE,2026-09-01 00:00:00
295,29,99,DEMO-S29-P0099,NEW,1988.46,16,51,ACTIVE,2026-09-01 00:00:00
296,36,99,DEMO-S36-P0099,REFURBISHED,1431.69,17,44,ACTIVE,2026-09-01 00:00:00
297,8,99,DEMO-S08-P0099,USED,994.23,0,42,ACTIVE,2026-09-01 00:00:00
298,40,100,DEMO-S40-P0100,NEW,803.29,4,43,DRAFT,2026-09-01 00:00:00
299,7,100,DEMO-S07-P0100,REFURBISHED,578.37,24,36,ACTIVE,2026-09-01 00:00:00
300,19,100,DEMO-S19-P0100,USED,401.64,23,34,ACTIVE,2026-09-01 00:00:00
301,21,101,DEMO-S21-P0101,NEW,1762.83,1,62,ACTIVE,2026-09-01 00:00:00
302,28,101,DEMO-S28-P0101,REFURBISHED,1269.24,23,55,ACTIVE,2026-09-01 00:00:00
303,40,101,DEMO-S40-P0101,USED,881.41,6,53,DRAFT,2026-09-01 00:00:00
304,16,102,DEMO-S16-P0102,NEW,1767.56,4,30,ACTIVE,2026-09-01 00:00:00
305,23,102,DEMO-S23-P0102,REFURBISHED,1272.64,15,23,ACTIVE,2026-09-01 00:00:00
306,35,102,DEMO-S35-P0102,USED,883.78,13,21,ACTIVE,2026-09-01 00:00:00
307,18,103,DEMO-S18-P0103,NEW,2129.98,6,42,ACTIVE,2026-09-01 00:00:00
308,25,103,DEMO-S25-P0103,REFURBISHED,1533.59,0,35,ACTIVE,2026-09-01 00:00:00
309,37,103,DEMO-S37-P0103,USED,1064.99,10,33,DRAFT,2026-09-01 00:00:00
310,28,104,DEMO-S28-P0104,NEW,794.57,9,29,ACTIVE,2026-09-01 00:00:00
311,35,104,DEMO-S35-P0104,REFURBISHED,572.09,9,22,ACTIVE,2026-09-01 00:00:00
312,7,104,DEMO-S07-P0104,USED,397.29,20,20,ACTIVE,2026-09-01 00:00:00
313,22,105,DEMO-S22-P0105,NEW,568.54,17,22,ACTIVE,2026-09-01 00:00:00
314,29,105,DEMO-S29-P0105,REFURBISHED,409.35,7,15,ACTIVE,2026-09-01 00:00:00
315,1,105,DEMO-S01-P0105,USED,284.27,1,13,ACTIVE,2026-09-01 00:00:00
316,1,106,DEMO-S01-P0106,NEW,293.16,16,49,ACTIVE,2026-09-01 00:00:00
317,8,106,DEMO-S08-P0106,REFURBISHED,211.07,8,42,ACTIVE,2026-09-01 00:00:00
318,20,106,DEMO-S20-P0106,USED,146.58,11,40,ACTIVE,2026-09-01 00:00:00
319,22,107,DEMO-S22-P0107,NEW,1939.44,0,36,ACTIVE,2026-09-01 00:00:00
320,29,107,DEMO-S29-P0107,REFURBISHED,1396.40,17,29,ACTIVE,2026-09-01 00:00:00
321,1,107,DEMO-S01-P0107,USED,969.72,10,27,ACTIVE,2026-09-01 00:00:00
322,17,108,DEMO-S17-P0108,NEW,992.84,1,36,ACTIVE,2026-09-01 00:00:00
323,24,108,DEMO-S24-P0108,REFURBISHED,714.84,5,29,ACTIVE,2026-09-01 00:00:00
324,36,108,DEMO-S36-P0108,USED,496.42,17,27,ACTIVE,2026-09-01 00:00:00
325,29,109,DEMO-S29-P0109,NEW,1320.03,20,50,ACTIVE,2026-09-01 00:00:00
326,36,109,DEMO-S36-P0109,REFURBISHED,950.42,6,43,ACTIVE,2026-09-01 00:00:00
327,8,109,DEMO-S08-P0109,USED,660.02,4,41,ACTIVE,2026-09-01 00:00:00
328,36,110,DEMO-S36-P0110,NEW,20722.00,23,39,ACTIVE,2026-09-01 00:00:00
329,3,110,DEMO-S03-P0110,REFURBISHED,14919.84,1,32,ACTIVE,2026-09-01 00:00:00
330,15,110,DEMO-S15-P0110,USED,10361.00,0,30,ACTIVE,2026-09-01 00:00:00
331,39,111,DEMO-S39-P0111,NEW,13119.71,20,52,DRAFT,2026-09-01 00:00:00
332,6,111,DEMO-S06-P0111,REFURBISHED,9446.19,3,45,ACTIVE,2026-09-01 00:00:00
333,18,111,DEMO-S18-P0111,USED,6559.86,5,43,ACTIVE,2026-09-01 00:00:00
334,25,112,DEMO-S25-P0112,NEW,374.10,10,51,ACTIVE,2026-09-01 00:00:00
335,32,112,DEMO-S32-P0112,REFURBISHED,269.36,8,44,ACTIVE,2026-09-01 00:00:00
336,4,112,DEMO-S04-P0112,USED,187.05,1,42,ACTIVE,2026-09-01 00:00:00
337,15,113,DEMO-S15-P0113,NEW,6651.64,16,51,ACTIVE,2026-09-01 00:00:00
338,22,113,DEMO-S22-P0113,REFURBISHED,4789.18,18,44,ACTIVE,2026-09-01 00:00:00
339,34,113,DEMO-S34-P0113,USED,3325.82,18,42,ACTIVE,2026-09-01 00:00:00
340,18,114,DEMO-S18-P0114,NEW,6583.43,9,36,ACTIVE,2026-09-01 00:00:00
341,25,114,DEMO-S25-P0114,REFURBISHED,4740.07,0,29,ACTIVE,2026-09-01 00:00:00
342,37,114,DEMO-S37-P0114,USED,3291.72,15,27,DRAFT,2026-09-01 00:00:00
343,8,115,DEMO-S08-P0115,NEW,4881.08,1,43,ACTIVE,2026-09-01 00:00:00
344,15,115,DEMO-S15-P0115,REFURBISHED,3514.38,4,36,ACTIVE,2026-09-01 00:00:00
345,27,115,DEMO-S27-P0115,USED,2440.54,8,34,ACTIVE,2026-09-01 00:00:00
346,38,116,DEMO-S38-P0116,NEW,4824.39,15,54,DRAFT,2026-09-01 00:00:00
347,5,116,DEMO-S05-P0116,REFURBISHED,3473.56,3,47,ACTIVE,2026-09-01 00:00:00
348,17,116,DEMO-S17-P0116,USED,2412.19,15,45,ACTIVE,2026-09-01 00:00:00
349,34,117,DEMO-S34-P0117,NEW,2072.78,11,50,ACTIVE,2026-09-01 00:00:00
350,1,117,DEMO-S01-P0117,REFURBISHED,1492.40,1,43,ACTIVE,2026-09-01 00:00:00
351,13,117,DEMO-S13-P0117,USED,1036.39,17,41,ACTIVE,2026-09-01 00:00:00
352,35,118,DEMO-S35-P0118,NEW,582.05,0,39,ACTIVE,2026-09-01 00:00:00
353,2,118,DEMO-S02-P0118,REFURBISHED,419.08,12,32,ACTIVE,2026-09-01 00:00:00
354,14,118,DEMO-S14-P0118,USED,291.03,16,30,ACTIVE,2026-09-01 00:00:00
355,14,119,DEMO-S14-P0119,NEW,10692.40,20,33,ACTIVE,2026-09-01 00:00:00
356,21,119,DEMO-S21-P0119,REFURBISHED,7698.53,24,26,ACTIVE,2026-09-01 00:00:00
357,33,119,DEMO-S33-P0119,USED,5346.20,1,24,ACTIVE,2026-09-01 00:00:00
358,13,120,DEMO-S13-P0120,NEW,2202.63,18,46,ACTIVE,2026-09-01 00:00:00
359,20,120,DEMO-S20-P0120,REFURBISHED,1585.90,7,39,ACTIVE,2026-09-01 00:00:00
360,32,120,DEMO-S32-P0120,USED,1101.32,9,37,ACTIVE,2026-09-01 00:00:00
361,35,121,DEMO-S35-P0121,NEW,488.98,12,26,ACTIVE,2026-09-01 00:00:00
362,2,121,DEMO-S02-P0121,REFURBISHED,352.06,9,19,ACTIVE,2026-09-01 00:00:00
363,14,121,DEMO-S14-P0121,USED,244.49,0,17,ACTIVE,2026-09-01 00:00:00
364,22,122,DEMO-S22-P0122,NEW,8006.87,1,24,ACTIVE,2026-09-01 00:00:00
365,29,122,DEMO-S29-P0122,REFURBISHED,5764.95,4,17,ACTIVE,2026-09-01 00:00:00
366,1,122,DEMO-S01-P0122,USED,4003.44,21,15,ACTIVE,2026-09-01 00:00:00
367,29,123,DEMO-S29-P0123,NEW,4951.20,20,47,ACTIVE,2026-09-01 00:00:00
368,36,123,DEMO-S36-P0123,REFURBISHED,3564.87,4,40,ACTIVE,2026-09-01 00:00:00
369,8,123,DEMO-S08-P0123,USED,2475.60,13,38,ACTIVE,2026-09-01 00:00:00
370,20,124,DEMO-S20-P0124,NEW,1680.89,4,16,ACTIVE,2026-09-01 00:00:00
371,27,124,DEMO-S27-P0124,REFURBISHED,1210.24,1,9,ACTIVE,2026-09-01 00:00:00
372,39,124,DEMO-S39-P0124,USED,840.44,4,7,DRAFT,2026-09-01 00:00:00
373,18,125,DEMO-S18-P0125,NEW,2458.52,21,47,ACTIVE,2026-09-01 00:00:00
374,25,125,DEMO-S25-P0125,REFURBISHED,1770.13,0,40,ACTIVE,2026-09-01 00:00:00
375,37,125,DEMO-S37-P0125,USED,1229.26,18,38,DRAFT,2026-09-01 00:00:00
376,26,126,DEMO-S26-P0126,NEW,4114.87,19,52,ACTIVE,2026-09-01 00:00:00
377,33,126,DEMO-S33-P0126,REFURBISHED,2962.71,19,45,ACTIVE,2026-09-01 00:00:00
378,5,126,DEMO-S05-P0126,USED,2057.43,1,43,ACTIVE,2026-09-01 00:00:00
379,33,127,DEMO-S33-P0127,NEW,658.60,8,85,ACTIVE,2026-09-01 00:00:00
380,40,127,DEMO-S40-P0127,REFURBISHED,474.19,4,78,DRAFT,2026-09-01 00:00:00
381,12,127,DEMO-S12-P0127,USED,329.30,19,76,ACTIVE,2026-09-01 00:00:00
382,14,128,DEMO-S14-P0128,NEW,1819.04,5,45,ACTIVE,2026-09-01 00:00:00
383,21,128,DEMO-S21-P0128,REFURBISHED,1309.71,8,38,ACTIVE,2026-09-01 00:00:00
384,33,128,DEMO-S33-P0128,USED,909.52,5,36,ACTIVE,2026-09-01 00:00:00
385,33,129,DEMO-S33-P0129,NEW,571.13,0,86,ACTIVE,2026-09-01 00:00:00
386,40,129,DEMO-S40-P0129,REFURBISHED,411.21,22,79,DRAFT,2026-09-01 00:00:00
387,12,129,DEMO-S12-P0129,USED,285.57,5,77,ACTIVE,2026-09-01 00:00:00
388,10,130,DEMO-S10-P0130,NEW,1742.86,24,24,ACTIVE,2026-09-01 00:00:00
389,17,130,DEMO-S17-P0130,REFURBISHED,1254.86,10,17,ACTIVE,2026-09-01 00:00:00
390,29,130,DEMO-S29-P0130,USED,871.43,15,15,ACTIVE,2026-09-01 00:00:00
391,17,131,DEMO-S17-P0131,NEW,655.86,6,38,ACTIVE,2026-09-01 00:00:00
392,24,131,DEMO-S24-P0131,REFURBISHED,472.22,1,31,ACTIVE,2026-09-01 00:00:00
393,36,131,DEMO-S36-P0131,USED,327.93,21,29,ACTIVE,2026-09-01 00:00:00
394,37,132,DEMO-S37-P0132,NEW,1567.09,10,31,DRAFT,2026-09-01 00:00:00
395,4,132,DEMO-S04-P0132,REFURBISHED,1128.30,21,24,ACTIVE,2026-09-01 00:00:00
396,16,132,DEMO-S16-P0132,USED,783.54,0,22,ACTIVE,2026-09-01 00:00:00
397,39,133,DEMO-S39-P0133,NEW,5131.00,22,31,DRAFT,2026-09-01 00:00:00
398,6,133,DEMO-S06-P0133,REFURBISHED,3694.32,4,24,ACTIVE,2026-09-01 00:00:00
399,18,133,DEMO-S18-P0133,USED,2565.50,1,22,ACTIVE,2026-09-01 00:00:00
400,37,134,DEMO-S37-P0134,NEW,607.40,22,30,DRAFT,2026-09-01 00:00:00
401,4,134,DEMO-S04-P0134,REFURBISHED,437.33,5,23,ACTIVE,2026-09-01 00:00:00
402,16,134,DEMO-S16-P0134,USED,303.70,16,21,ACTIVE,2026-09-01 00:00:00
403,13,135,DEMO-S13-P0135,NEW,17017.87,24,37,ACTIVE,2026-09-01 00:00:00
404,20,135,DEMO-S20-P0135,REFURBISHED,12252.87,21,30,ACTIVE,2026-09-01 00:00:00
405,32,135,DEMO-S32-P0135,USED,8508.93,21,28,ACTIVE,2026-09-01 00:00:00
406,34,136,DEMO-S34-P0136,NEW,5112.46,1,28,ACTIVE,2026-09-01 00:00:00
407,1,136,DEMO-S01-P0136,REFURBISHED,3680.97,0,21,ACTIVE,2026-09-01 00:00:00
408,13,136,DEMO-S13-P0136,USED,2556.23,19,19,ACTIVE,2026-09-01 00:00:00
409,38,137,DEMO-S38-P0137,NEW,1310.28,13,48,DRAFT,2026-09-01 00:00:00
410,5,137,DEMO-S05-P0137,REFURBISHED,943.40,11,41,ACTIVE,2026-09-01 00:00:00
411,17,137,DEMO-S17-P0137,USED,655.14,9,39,ACTIVE,2026-09-01 00:00:00
412,40,138,DEMO-S40-P0138,NEW,3926.03,24,33,DRAFT,2026-09-01 00:00:00
413,7,138,DEMO-S07-P0138,REFURBISHED,2826.74,1,26,ACTIVE,2026-09-01 00:00:00
414,19,138,DEMO-S19-P0138,USED,1963.01,13,24,ACTIVE,2026-09-01 00:00:00
415,1,139,DEMO-S01-P0139,NEW,2638.58,10,34,ACTIVE,2026-09-01 00:00:00
416,8,139,DEMO-S08-P0139,REFURBISHED,1899.78,11,27,ACTIVE,2026-09-01 00:00:00
417,20,139,DEMO-S20-P0139,USED,1319.29,15,25,ACTIVE,2026-09-01 00:00:00
418,30,140,DEMO-S30-P0140,NEW,406.41,0,30,ACTIVE,2026-09-01 00:00:00
419,37,140,DEMO-S37-P0140,REFURBISHED,292.62,7,23,DRAFT,2026-09-01 00:00:00
420,9,140,DEMO-S09-P0140,USED,203.21,1,21,ACTIVE,2026-09-01 00:00:00
421,40,141,DEMO-S40-P0141,NEW,847.51,24,39,DRAFT,2026-09-01 00:00:00
422,7,141,DEMO-S07-P0141,REFURBISHED,610.20,23,32,ACTIVE,2026-09-01 00:00:00
423,19,141,DEMO-S19-P0141,USED,423.75,12,30,ACTIVE,2026-09-01 00:00:00
424,31,142,DEMO-S31-P0142,NEW,926.56,17,32,ACTIVE,2026-09-01 00:00:00
425,38,142,DEMO-S38-P0142,REFURBISHED,667.12,13,25,DRAFT,2026-09-01 00:00:00
426,10,142,DEMO-S10-P0142,USED,463.28,5,23,ACTIVE,2026-09-01 00:00:00
427,10,143,DEMO-S10-P0143,NEW,432.56,1,29,ACTIVE,2026-09-01 00:00:00
428,17,143,DEMO-S17-P0143,REFURBISHED,311.45,3,22,ACTIVE,2026-09-01 00:00:00
429,29,143,DEMO-S29-P0143,USED,216.28,0,20,ACTIVE,2026-09-01 00:00:00
430,31,144,DEMO-S31-P0144,NEW,1973.60,17,37,ACTIVE,2026-09-01 00:00:00
431,38,144,DEMO-S38-P0144,REFURBISHED,1420.99,22,30,DRAFT,2026-09-01 00:00:00
432,10,144,DEMO-S10-P0144,USED,986.80,21,28,ACTIVE,2026-09-01 00:00:00
433,5,145,DEMO-S05-P0145,NEW,5954.78,6,48,ACTIVE,2026-09-01 00:00:00
434,12,145,DEMO-S12-P0145,REFURBISHED,4287.44,1,41,ACTIVE,2026-09-01 00:00:00
435,24,145,DEMO-S24-P0145,USED,2977.39,5,39,ACTIVE,2026-09-01 00:00:00
436,20,146,DEMO-S20-P0146,NEW,7037.55,20,13,ACTIVE,2026-09-01 00:00:00
437,27,146,DEMO-S27-P0146,REFURBISHED,5067.03,9,6,ACTIVE,2026-09-01 00:00:00
438,39,146,DEMO-S39-P0146,USED,3518.77,19,4,DRAFT,2026-09-01 00:00:00
439,26,147,DEMO-S26-P0147,NEW,717.01,11,60,ACTIVE,2026-09-01 00:00:00
440,33,147,DEMO-S33-P0147,REFURBISHED,516.25,0,53,ACTIVE,2026-09-01 00:00:00
441,5,147,DEMO-S05-P0147,USED,358.50,1,51,ACTIVE,2026-09-01 00:00:00
442,19,148,DEMO-S19-P0148,NEW,19902.50,7,27,ACTIVE,2026-09-01 00:00:00
443,26,148,DEMO-S26-P0148,REFURBISHED,14329.80,14,20,ACTIVE,2026-09-01 00:00:00
444,38,148,DEMO-S38-P0148,USED,9951.25,5,18,DRAFT,2026-09-01 00:00:00
445,28,149,DEMO-S28-P0149,NEW,3372.12,10,26,ACTIVE,2026-09-01 00:00:00
446,35,149,DEMO-S35-P0149,REFURBISHED,2427.93,14,19,ACTIVE,2026-09-01 00:00:00
447,7,149,DEMO-S07-P0149,USED,1686.06,12,17,ACTIVE,2026-09-01 00:00:00
448,10,150,DEMO-S10-P0150,NEW,3438.42,1,31,ACTIVE,2026-09-01 00:00:00
449,17,150,DEMO-S17-P0150,REFURBISHED,2475.66,8,24,ACTIVE,2026-09-01 00:00:00
450,29,150,DEMO-S29-P0150,USED,1719.21,17,22,ACTIVE,2026-09-01 00:00:00
451,25,151,DEMO-S25-P0151,NEW,1599.82,0,45,ACTIVE,2026-09-01 00:00:00
452,32,151,DEMO-S32-P0151,REFURBISHED,1151.87,20,38,ACTIVE,2026-09-01 00:00:00
453,4,151,DEMO-S04-P0151,USED,799.91,12,36,ACTIVE,2026-09-01 00:00:00
454,26,152,DEMO-S26-P0152,NEW,3535.24,22,52,ACTIVE,2026-09-01 00:00:00
455,33,152,DEMO-S33-P0152,REFURBISHED,2545.37,1,45,ACTIVE,2026-09-01 00:00:00
456,5,152,DEMO-S05-P0152,USED,1767.62,23,43,ACTIVE,2026-09-01 00:00:00
457,26,153,DEMO-S26-P0153,NEW,3731.13,19,70,ACTIVE,2026-09-01 00:00:00
458,33,153,DEMO-S33-P0153,REFURBISHED,2686.41,3,63,ACTIVE,2026-09-01 00:00:00
459,5,153,DEMO-S05-P0153,USED,1865.56,24,61,ACTIVE,2026-09-01 00:00:00
460,12,154,DEMO-S12-P0154,NEW,381.98,20,32,ACTIVE,2026-09-01 00:00:00
461,19,154,DEMO-S19-P0154,REFURBISHED,275.02,12,25,ACTIVE,2026-09-01 00:00:00
462,31,154,DEMO-S31-P0154,USED,190.99,0,23,ACTIVE,2026-09-01 00:00:00
463,13,155,DEMO-S13-P0155,NEW,6262.95,24,50,ACTIVE,2026-09-01 00:00:00
464,20,155,DEMO-S20-P0155,REFURBISHED,4509.33,6,43,ACTIVE,2026-09-01 00:00:00
465,32,155,DEMO-S32-P0155,USED,3131.48,7,41,ACTIVE,2026-09-01 00:00:00
466,11,156,DEMO-S11-P0156,NEW,6409.13,11,45,ACTIVE,2026-09-01 00:00:00
467,18,156,DEMO-S18-P0156,REFURBISHED,4614.57,6,38,ACTIVE,2026-09-01 00:00:00
468,30,156,DEMO-S30-P0156,USED,3204.56,6,36,ACTIVE,2026-09-01 00:00:00
469,19,157,DEMO-S19-P0157,NEW,4130.84,1,24,ACTIVE,2026-09-01 00:00:00
470,26,157,DEMO-S26-P0157,REFURBISHED,2974.21,20,17,ACTIVE,2026-09-01 00:00:00
471,38,157,DEMO-S38-P0157,USED,2065.42,7,15,DRAFT,2026-09-01 00:00:00
472,24,158,DEMO-S24-P0158,NEW,3107.41,11,54,ACTIVE,2026-09-01 00:00:00
473,31,158,DEMO-S31-P0158,REFURBISHED,2237.34,0,47,ACTIVE,2026-09-01 00:00:00
474,3,158,DEMO-S03-P0158,USED,1553.71,12,45,ACTIVE,2026-09-01 00:00:00
475,15,159,DEMO-S15-P0159,NEW,618.02,22,38,ACTIVE,2026-09-01 00:00:00
476,22,159,DEMO-S22-P0159,REFURBISHED,444.98,1,31,ACTIVE,2026-09-01 00:00:00
477,34,159,DEMO-S34-P0159,USED,309.01,9,29,ACTIVE,2026-09-01 00:00:00
478,17,160,DEMO-S17-P0160,NEW,3375.74,13,31,ACTIVE,2026-09-01 00:00:00
479,24,160,DEMO-S24-P0160,REFURBISHED,2430.53,9,24,ACTIVE,2026-09-01 00:00:00
480,36,160,DEMO-S36-P0160,USED,1687.87,24,22,ACTIVE,2026-09-01 00:00:00
481,12,161,DEMO-S12-P0161,NEW,6720.42,23,39,ACTIVE,2026-09-01 00:00:00
482,19,161,DEMO-S19-P0161,REFURBISHED,4838.70,11,32,ACTIVE,2026-09-01 00:00:00
483,31,161,DEMO-S31-P0161,USED,3360.21,1,30,ACTIVE,2026-09-01 00:00:00
484,9,162,DEMO-S09-P0162,NEW,4864.33,0,37,ACTIVE,2026-09-01 00:00:00
485,16,162,DEMO-S16-P0162,REFURBISHED,3502.32,19,30,ACTIVE,2026-09-01 00:00:00
486,28,162,DEMO-S28-P0162,USED,2432.17,18,28,ACTIVE,2026-09-01 00:00:00
487,27,163,DEMO-S27-P0163,NEW,486.62,11,44,ACTIVE,2026-09-01 00:00:00
488,34,163,DEMO-S34-P0163,REFURBISHED,350.36,4,37,ACTIVE,2026-09-01 00:00:00
489,6,163,DEMO-S06-P0163,USED,243.31,5,35,ACTIVE,2026-09-01 00:00:00
490,33,164,DEMO-S33-P0164,NEW,2380.17,1,95,ACTIVE,2026-09-01 00:00:00
491,40,164,DEMO-S40-P0164,REFURBISHED,1713.73,23,88,DRAFT,2026-09-01 00:00:00
492,12,164,DEMO-S12-P0164,USED,1190.09,16,86,ACTIVE,2026-09-01 00:00:00
493,12,165,DEMO-S12-P0165,NEW,2371.56,11,16,ACTIVE,2026-09-01 00:00:00
494,19,165,DEMO-S19-P0165,REFURBISHED,1707.52,4,9,ACTIVE,2026-09-01 00:00:00
495,31,165,DEMO-S31-P0165,USED,1185.78,0,7,ACTIVE,2026-09-01 00:00:00
496,35,166,DEMO-S35-P0166,NEW,610.81,3,30,ACTIVE,2026-09-01 00:00:00
497,2,166,DEMO-S02-P0166,REFURBISHED,439.79,1,23,ACTIVE,2026-09-01 00:00:00
498,14,166,DEMO-S14-P0166,USED,305.41,13,21,ACTIVE,2026-09-01 00:00:00
499,23,167,DEMO-S23-P0167,NEW,601.06,7,56,ACTIVE,2026-09-01 00:00:00
500,30,167,DEMO-S30-P0167,REFURBISHED,432.76,23,49,ACTIVE,2026-09-01 00:00:00
501,2,167,DEMO-S02-P0167,USED,300.53,11,47,ACTIVE,2026-09-01 00:00:00
502,7,168,DEMO-S07-P0168,NEW,6117.56,8,40,ACTIVE,2026-09-01 00:00:00
503,14,168,DEMO-S14-P0168,REFURBISHED,4404.64,17,33,ACTIVE,2026-09-01 00:00:00
504,26,168,DEMO-S26-P0168,USED,3058.78,1,31,ACTIVE,2026-09-01 00:00:00
505,15,169,DEMO-S15-P0169,NEW,1343.94,20,42,ACTIVE,2026-09-01 00:00:00
506,22,169,DEMO-S22-P0169,REFURBISHED,967.64,0,35,ACTIVE,2026-09-01 00:00:00
507,34,169,DEMO-S34-P0169,USED,671.97,16,33,ACTIVE,2026-09-01 00:00:00
508,1,170,DEMO-S01-P0170,NEW,838.89,20,35,ACTIVE,2026-09-01 00:00:00
509,8,170,DEMO-S08-P0170,REFURBISHED,604.00,3,28,ACTIVE,2026-09-01 00:00:00
510,20,170,DEMO-S20-P0170,USED,419.45,6,26,ACTIVE,2026-09-01 00:00:00
511,2,171,DEMO-S02-P0171,NEW,1612.68,1,56,ACTIVE,2026-09-01 00:00:00
512,9,171,DEMO-S09-P0171,REFURBISHED,1161.13,5,49,ACTIVE,2026-09-01 00:00:00
513,21,171,DEMO-S21-P0171,USED,806.34,7,47,ACTIVE,2026-09-01 00:00:00
514,14,172,DEMO-S14-P0172,NEW,862.50,20,53,ACTIVE,2026-09-01 00:00:00
515,21,172,DEMO-S21-P0172,REFURBISHED,621.00,4,46,ACTIVE,2026-09-01 00:00:00
516,33,172,DEMO-S33-P0172,USED,431.25,14,44,ACTIVE,2026-09-01 00:00:00
517,19,173,DEMO-S19-P0173,NEW,1603.06,0,31,ACTIVE,2026-09-01 00:00:00
518,26,173,DEMO-S26-P0173,REFURBISHED,1154.20,1,24,ACTIVE,2026-09-01 00:00:00
519,38,173,DEMO-S38-P0173,USED,801.53,21,22,DRAFT,2026-09-01 00:00:00
520,32,174,DEMO-S32-P0174,NEW,786.57,20,35,ACTIVE,2026-09-01 00:00:00
521,39,174,DEMO-S39-P0174,REFURBISHED,566.33,7,28,DRAFT,2026-09-01 00:00:00
522,11,174,DEMO-S11-P0174,USED,393.29,16,26,ACTIVE,2026-09-01 00:00:00
523,6,175,DEMO-S06-P0175,NEW,1495.84,7,60,ACTIVE,2026-09-01 00:00:00
524,13,175,DEMO-S13-P0175,REFURBISHED,1077.01,4,53,ACTIVE,2026-09-01 00:00:00
525,25,175,DEMO-S25-P0175,USED,747.92,1,51,ACTIVE,2026-09-01 00:00:00
526,34,176,DEMO-S34-P0176,NEW,991.14,12,44,ACTIVE,2026-09-01 00:00:00
527,1,176,DEMO-S01-P0176,REFURBISHED,713.62,14,37,ACTIVE,2026-09-01 00:00:00
528,13,176,DEMO-S13-P0176,USED,495.57,0,35,ACTIVE,2026-09-01 00:00:00
529,10,177,DEMO-S10-P0177,NEW,540.70,4,35,ACTIVE,2026-09-01 00:00:00
530,17,177,DEMO-S17-P0177,REFURBISHED,389.31,14,28,ACTIVE,2026-09-01 00:00:00
531,29,177,DEMO-S29-P0177,USED,270.35,9,26,ACTIVE,2026-09-01 00:00:00
532,6,178,DEMO-S06-P0178,NEW,1384.50,1,58,ACTIVE,2026-09-01 00:00:00
533,13,178,DEMO-S13-P0178,REFURBISHED,996.84,24,51,ACTIVE,2026-09-01 00:00:00
534,25,178,DEMO-S25-P0178,USED,692.25,10,49,ACTIVE,2026-09-01 00:00:00
535,28,179,DEMO-S28-P0179,NEW,1062.68,24,12,ACTIVE,2026-09-01 00:00:00
536,35,179,DEMO-S35-P0179,REFURBISHED,765.13,6,5,ACTIVE,2026-09-01 00:00:00
537,7,179,DEMO-S07-P0179,USED,531.34,14,3,ACTIVE,2026-09-01 00:00:00
538,31,180,DEMO-S31-P0180,NEW,4552.23,20,33,ACTIVE,2026-09-01 00:00:00
539,38,180,DEMO-S38-P0180,REFURBISHED,3277.61,0,26,DRAFT,2026-09-01 00:00:00
540,10,180,DEMO-S10-P0180,USED,2276.12,16,24,ACTIVE,2026-09-01 00:00:00
541,25,181,DEMO-S25-P0181,NEW,1642.82,22,42,ACTIVE,2026-09-01 00:00:00
542,32,181,DEMO-S32-P0181,REFURBISHED,1182.83,7,35,ACTIVE,2026-09-01 00:00:00
543,4,181,DEMO-S04-P0181,USED,821.41,10,33,ACTIVE,2026-09-01 00:00:00
544,5,182,DEMO-S05-P0182,NEW,613.77,8,53,ACTIVE,2026-09-01 00:00:00
545,12,182,DEMO-S12-P0182,REFURBISHED,441.91,8,46,ACTIVE,2026-09-01 00:00:00
546,24,182,DEMO-S24-P0182,USED,306.88,1,44,ACTIVE,2026-09-01 00:00:00
547,5,183,DEMO-S05-P0183,NEW,5082.96,16,49,ACTIVE,2026-09-01 00:00:00
548,12,183,DEMO-S12-P0183,REFURBISHED,3659.73,3,42,ACTIVE,2026-09-01 00:00:00
549,24,183,DEMO-S24-P0183,USED,2541.48,8,40,ACTIVE,2026-09-01 00:00:00
550,16,184,DEMO-S16-P0184,NEW,699.58,0,44,ACTIVE,2026-09-01 00:00:00
551,23,184,DEMO-S23-P0184,REFURBISHED,503.70,13,37,ACTIVE,2026-09-01 00:00:00
552,35,184,DEMO-S35-P0184,USED,349.79,16,35,ACTIVE,2026-09-01 00:00:00
553,19,185,DEMO-S19-P0185,NEW,606.34,1,25,ACTIVE,2026-09-01 00:00:00
554,26,185,DEMO-S26-P0185,REFURBISHED,436.57,24,18,ACTIVE,2026-09-01 00:00:00
555,38,185,DEMO-S38-P0185,USED,303.17,10,16,DRAFT,2026-09-01 00:00:00
556,40,186,DEMO-S40-P0186,NEW,1590.96,11,46,DRAFT,2026-09-01 00:00:00
557,7,186,DEMO-S07-P0186,REFURBISHED,1145.49,8,39,ACTIVE,2026-09-01 00:00:00
558,19,186,DEMO-S19-P0186,USED,795.48,6,37,ACTIVE,2026-09-01 00:00:00
559,12,187,DEMO-S12-P0187,NEW,1569.43,15,25,ACTIVE,2026-09-01 00:00:00
560,19,187,DEMO-S19-P0187,REFURBISHED,1129.99,1,18,ACTIVE,2026-09-01 00:00:00
561,31,187,DEMO-S31-P0187,USED,784.72,0,16,ACTIVE,2026-09-01 00:00:00
562,8,188,DEMO-S08-P0188,NEW,5625.64,4,38,ACTIVE,2026-09-01 00:00:00
563,15,188,DEMO-S15-P0188,REFURBISHED,4050.46,18,31,ACTIVE,2026-09-01 00:00:00
564,27,188,DEMO-S27-P0188,USED,2812.82,10,29,ACTIVE,2026-09-01 00:00:00
565,38,189,DEMO-S38-P0189,NEW,3585.76,9,43,DRAFT,2026-09-01 00:00:00
566,5,189,DEMO-S05-P0189,REFURBISHED,2581.75,17,36,ACTIVE,2026-09-01 00:00:00
567,17,189,DEMO-S17-P0189,USED,1792.88,1,34,ACTIVE,2026-09-01 00:00:00
568,7,190,DEMO-S07-P0190,NEW,6980.03,14,28,ACTIVE,2026-09-01 00:00:00
569,14,190,DEMO-S14-P0190,REFURBISHED,5025.62,12,21,ACTIVE,2026-09-01 00:00:00
570,26,190,DEMO-S26-P0190,USED,3490.01,10,19,ACTIVE,2026-09-01 00:00:00
571,2,191,DEMO-S02-P0191,NEW,1817.43,10,59,ACTIVE,2026-09-01 00:00:00
572,9,191,DEMO-S09-P0191,REFURBISHED,1308.55,0,52,ACTIVE,2026-09-01 00:00:00
573,21,191,DEMO-S21-P0191,USED,908.71,3,50,ACTIVE,2026-09-01 00:00:00
574,17,192,DEMO-S17-P0192,NEW,822.71,1,25,ACTIVE,2026-09-01 00:00:00
575,24,192,DEMO-S24-P0192,REFURBISHED,592.35,24,18,ACTIVE,2026-09-01 00:00:00
576,36,192,DEMO-S36-P0192,USED,411.35,9,16,ACTIVE,2026-09-01 00:00:00
577,17,193,DEMO-S17-P0193,NEW,2318.18,15,23,ACTIVE,2026-09-01 00:00:00
578,24,193,DEMO-S24-P0193,REFURBISHED,1669.09,13,16,ACTIVE,2026-09-01 00:00:00
579,36,193,DEMO-S36-P0193,USED,1159.09,11,14,ACTIVE,2026-09-01 00:00:00
580,25,194,DEMO-S25-P0194,NEW,607.76,5,39,ACTIVE,2026-09-01 00:00:00
581,32,194,DEMO-S32-P0194,REFURBISHED,437.59,1,32,ACTIVE,2026-09-01 00:00:00
582,4,194,DEMO-S04-P0194,USED,303.88,11,30,ACTIVE,2026-09-01 00:00:00
583,36,195,DEMO-S36-P0195,NEW,14603.42,0,35,ACTIVE,2026-09-01 00:00:00
584,3,195,DEMO-S03-P0195,REFURBISHED,10514.47,14,28,ACTIVE,2026-09-01 00:00:00
585,15,195,DEMO-S15-P0195,USED,7301.71,23,26,ACTIVE,2026-09-01 00:00:00
586,38,196,DEMO-S38-P0196,NEW,4437.53,19,43,DRAFT,2026-09-01 00:00:00
587,5,196,DEMO-S05-P0196,REFURBISHED,3195.02,15,36,ACTIVE,2026-09-01 00:00:00
588,17,196,DEMO-S17-P0196,USED,2218.76,1,34,ACTIVE,2026-09-01 00:00:00
589,12,197,DEMO-S12-P0197,NEW,1743.34,24,19,ACTIVE,2026-09-01 00:00:00
590,19,197,DEMO-S19-P0197,REFURBISHED,1255.21,20,12,ACTIVE,2026-09-01 00:00:00
591,31,197,DEMO-S31-P0197,USED,871.67,13,10,ACTIVE,2026-09-01 00:00:00
592,40,198,DEMO-S40-P0198,NEW,1923.82,3,37,DRAFT,2026-09-01 00:00:00
593,7,198,DEMO-S07-P0198,REFURBISHED,1385.15,6,30,ACTIVE,2026-09-01 00:00:00
594,19,198,DEMO-S19-P0198,USED,961.91,0,28,ACTIVE,2026-09-01 00:00:00
595,26,199,DEMO-S26-P0199,NEW,1796.11,1,71,ACTIVE,2026-09-01 00:00:00
596,33,199,DEMO-S33-P0199,REFURBISHED,1293.20,11,64,ACTIVE,2026-09-01 00:00:00
597,5,199,DEMO-S05-P0199,USED,898.05,8,62,ACTIVE,2026-09-01 00:00:00
598,3,200,DEMO-S03-P0200,NEW,473.90,21,41,ACTIVE,2026-09-01 00:00:00
599,10,200,DEMO-S10-P0200,REFURBISHED,341.21,11,34,ACTIVE,2026-09-01 00:00:00
600,22,200,DEMO-S22-P0200,USED,236.95,4,32,ACTIVE,2026-09-01 00:00:00
601,38,201,DEMO-S38-P0201,NEW,2235.47,6,52,DRAFT,2026-09-01 00:00:00
602,5,201,DEMO-S05-P0201,REFURBISHED,1609.54,1,45,ACTIVE,2026-09-01 00:00:00
603,17,201,DEMO-S17-P0201,USED,1117.73,22,43,ACTIVE,2026-09-01 00:00:00
604,6,202,DEMO-S06-P0202,NEW,533.61,16,69,ACTIVE,2026-09-01 00:00:00
605,13,202,DEMO-S13-P0202,REFURBISHED,384.20,0,62,ACTIVE,2026-09-01 00:00:00
606,25,202,DEMO-S25-P0202,USED,266.80,14,60,ACTIVE,2026-09-01 00:00:00
607,24,203,DEMO-S24-P0203,NEW,2160.11,13,61,ACTIVE,2026-09-01 00:00:00
608,31,203,DEMO-S31-P0203,REFURBISHED,1555.28,16,54,ACTIVE,2026-09-01 00:00:00
609,3,203,DEMO-S03-P0203,USED,1080.06,1,52,ACTIVE,2026-09-01 00:00:00
610,32,204,DEMO-S32-P0204,NEW,3018.54,22,33,ACTIVE,2026-09-01 00:00:00
611,39,204,DEMO-S39-P0204,REFURBISHED,2173.35,19,26,DRAFT,2026-09-01 00:00:00
612,11,204,DEMO-S11-P0204,USED,1509.27,6,24,ACTIVE,2026-09-01 00:00:00
613,10,205,DEMO-S10-P0205,NEW,1528.68,15,25,ACTIVE,2026-09-01 00:00:00
614,17,205,DEMO-S17-P0205,REFURBISHED,1100.65,21,18,ACTIVE,2026-09-01 00:00:00
615,29,205,DEMO-S29-P0205,USED,764.34,9,16,ACTIVE,2026-09-01 00:00:00
616,11,206,DEMO-S11-P0206,NEW,813.38,0,41,ACTIVE,2026-09-01 00:00:00
617,18,206,DEMO-S18-P0206,REFURBISHED,585.64,11,34,ACTIVE,2026-09-01 00:00:00
618,30,206,DEMO-S30-P0206,USED,406.69,4,32,ACTIVE,2026-09-01 00:00:00
619,20,207,DEMO-S20-P0207,NEW,1075.35,16,28,ACTIVE,2026-09-01 00:00:00
620,27,207,DEMO-S27-P0207,REFURBISHED,774.26,3,21,ACTIVE,2026-09-01 00:00:00
621,39,207,DEMO-S39-P0207,USED,537.68,19,19,DRAFT,2026-09-01 00:00:00
622,36,208,DEMO-S36-P0208,NEW,4635.74,20,42,ACTIVE,2026-09-01 00:00:00
623,3,208,DEMO-S03-P0208,REFURBISHED,3337.73,1,35,ACTIVE,2026-09-01 00:00:00
624,15,208,DEMO-S15-P0208,USED,2317.87,24,33,ACTIVE,2026-09-01 00:00:00
625,9,209,DEMO-S09-P0209,NEW,352.26,24,52,ACTIVE,2026-09-01 00:00:00
626,16,209,DEMO-S16-P0209,REFURBISHED,253.63,9,45,ACTIVE,2026-09-01 00:00:00
627,28,209,DEMO-S28-P0209,USED,176.13,0,43,ACTIVE,2026-09-01 00:00:00
628,27,210,DEMO-S27-P0210,NEW,1772.40,14,43,ACTIVE,2026-09-01 00:00:00
629,34,210,DEMO-S34-P0210,REFURBISHED,1276.13,16,36,ACTIVE,2026-09-01 00:00:00
630,6,210,DEMO-S06-P0210,USED,886.20,1,34,ACTIVE,2026-09-01 00:00:00
631,19,211,DEMO-S19-P0211,NEW,1978.91,5,34,ACTIVE,2026-09-01 00:00:00
632,26,211,DEMO-S26-P0211,REFURBISHED,1424.82,24,27,ACTIVE,2026-09-01 00:00:00
633,38,211,DEMO-S38-P0211,USED,989.46,13,25,DRAFT,2026-09-01 00:00:00
634,5,212,DEMO-S05-P0212,NEW,1750.55,22,50,ACTIVE,2026-09-01 00:00:00
635,12,212,DEMO-S12-P0212,REFURBISHED,1260.40,13,43,ACTIVE,2026-09-01 00:00:00
636,24,212,DEMO-S24-P0212,USED,875.28,24,41,ACTIVE,2026-09-01 00:00:00
637,29,213,DEMO-S29-P0213,NEW,618.21,1,38,ACTIVE,2026-09-01 00:00:00
638,36,213,DEMO-S36-P0213,REFURBISHED,445.11,0,31,ACTIVE,2026-09-01 00:00:00
639,8,213,DEMO-S08-P0213,USED,309.10,6,29,ACTIVE,2026-09-01 00:00:00
640,34,214,DEMO-S34-P0214,NEW,1541.00,12,37,ACTIVE,2026-09-01 00:00:00
641,1,214,DEMO-S01-P0214,REFURBISHED,1109.52,19,30,ACTIVE,2026-09-01 00:00:00
642,13,214,DEMO-S13-P0214,USED,770.50,12,28,ACTIVE,2026-09-01 00:00:00
643,24,215,DEMO-S24-P0215,NEW,3773.20,24,61,ACTIVE,2026-09-01 00:00:00
644,31,215,DEMO-S31-P0215,REFURBISHED,2716.71,1,54,ACTIVE,2026-09-01 00:00:00
645,3,215,DEMO-S03-P0215,USED,1886.60,16,52,ACTIVE,2026-09-01 00:00:00
646,8,216,DEMO-S08-P0216,NEW,506.32,13,29,ACTIVE,2026-09-01 00:00:00
647,15,216,DEMO-S15-P0216,REFURBISHED,364.55,15,22,ACTIVE,2026-09-01 00:00:00
648,27,216,DEMO-S27-P0216,USED,253.16,12,20,ACTIVE,2026-09-01 00:00:00
649,7,217,DEMO-S07-P0217,NEW,1140.61,0,36,ACTIVE,2026-09-01 00:00:00
650,14,217,DEMO-S14-P0217,REFURBISHED,821.24,20,29,ACTIVE,2026-09-01 00:00:00
651,26,217,DEMO-S26-P0217,USED,570.31,1,27,ACTIVE,2026-09-01 00:00:00
652,17,218,DEMO-S17-P0218,NEW,3861.41,7,38,ACTIVE,2026-09-01 00:00:00
653,24,218,DEMO-S24-P0218,REFURBISHED,2780.22,9,31,ACTIVE,2026-09-01 00:00:00
654,36,218,DEMO-S36-P0218,USED,1930.71,16,29,ACTIVE,2026-09-01 00:00:00
655,21,219,DEMO-S21-P0219,NEW,3939.00,24,53,ACTIVE,2026-09-01 00:00:00
656,28,219,DEMO-S28-P0219,REFURBISHED,2836.08,15,46,ACTIVE,2026-09-01 00:00:00
657,40,219,DEMO-S40-P0219,USED,1969.50,24,44,DRAFT,2026-09-01 00:00:00
658,23,220,DEMO-S23-P0220,NEW,14838.45,1,47,ACTIVE,2026-09-01 00:00:00
659,30,220,DEMO-S30-P0220,REFURBISHED,10683.68,8,40,ACTIVE,2026-09-01 00:00:00
660,2,220,DEMO-S02-P0220,USED,7419.22,0,38,ACTIVE,2026-09-01 00:00:00
661,10,221,DEMO-S10-P0221,NEW,3069.45,22,24,ACTIVE,2026-09-01 00:00:00
662,17,221,DEMO-S17-P0221,REFURBISHED,2210.00,21,17,ACTIVE,2026-09-01 00:00:00
663,29,221,DEMO-S29-P0221,USED,1534.72,12,15,ACTIVE,2026-09-01 00:00:00
664,21,222,DEMO-S21-P0222,NEW,4104.00,15,56,ACTIVE,2026-09-01 00:00:00
665,28,222,DEMO-S28-P0222,REFURBISHED,2954.88,1,49,ACTIVE,2026-09-01 00:00:00
666,40,222,DEMO-S40-P0222,USED,2052.00,20,47,DRAFT,2026-09-01 00:00:00
667,12,223,DEMO-S12-P0223,NEW,880.65,3,33,ACTIVE,2026-09-01 00:00:00
668,19,223,DEMO-S19-P0223,REFURBISHED,634.07,12,26,ACTIVE,2026-09-01 00:00:00
669,31,223,DEMO-S31-P0223,USED,440.33,12,24,ACTIVE,2026-09-01 00:00:00
670,28,224,DEMO-S28-P0224,NEW,4715.39,9,25,ACTIVE,2026-09-01 00:00:00
671,35,224,DEMO-S35-P0224,REFURBISHED,3395.08,0,18,ACTIVE,2026-09-01 00:00:00
672,7,224,DEMO-S07-P0224,USED,2357.69,1,16,ACTIVE,2026-09-01 00:00:00
673,32,225,DEMO-S32-P0225,NEW,1137.02,16,22,ACTIVE,2026-09-01 00:00:00
674,39,225,DEMO-S39-P0225,REFURBISHED,818.65,21,15,DRAFT,2026-09-01 00:00:00
675,11,225,DEMO-S11-P0225,USED,568.51,22,13,ACTIVE,2026-09-01 00:00:00
676,27,226,DEMO-S27-P0226,NEW,1872.54,23,38,ACTIVE,2026-09-01 00:00:00
677,34,226,DEMO-S34-P0226,REFURBISHED,1348.23,13,31,ACTIVE,2026-09-01 00:00:00
678,6,226,DEMO-S06-P0226,USED,936.27,17,29,ACTIVE,2026-09-01 00:00:00
679,1,227,DEMO-S01-P0227,NEW,1219.80,1,37,ACTIVE,2026-09-01 00:00:00
680,8,227,DEMO-S08-P0227,REFURBISHED,878.25,17,30,ACTIVE,2026-09-01 00:00:00
681,20,227,DEMO-S20-P0227,USED,609.90,17,28,ACTIVE,2026-09-01 00:00:00
682,40,228,DEMO-S40-P0228,NEW,13318.49,0,49,DRAFT,2026-09-01 00:00:00
683,7,228,DEMO-S07-P0228,REFURBISHED,9589.31,24,42,ACTIVE,2026-09-01 00:00:00
684,19,228,DEMO-S19-P0228,USED,6659.24,9,40,ACTIVE,2026-09-01 00:00:00
685,1,229,DEMO-S01-P0229,NEW,803.40,19,42,ACTIVE,2026-09-01 00:00:00
686,8,229,DEMO-S08-P0229,REFURBISHED,578.45,1,35,ACTIVE,2026-09-01 00:00:00
687,20,229,DEMO-S20-P0229,USED,401.70,18,33,ACTIVE,2026-09-01 00:00:00
688,40,230,DEMO-S40-P0230,NEW,520.10,8,53,DRAFT,2026-09-01 00:00:00
689,7,230,DEMO-S07-P0230,REFURBISHED,374.47,24,46,ACTIVE,2026-09-01 00:00:00
690,19,230,DEMO-S19-P0230,USED,260.05,5,44,ACTIVE,2026-09-01 00:00:00
691,2,231,DEMO-S02-P0231,NEW,1036.84,12,74,ACTIVE,2026-09-01 00:00:00
692,9,231,DEMO-S09-P0231,REFURBISHED,746.53,19,67,ACTIVE,2026-09-01 00:00:00
693,21,231,DEMO-S21-P0231,USED,518.42,0,65,ACTIVE,2026-09-01 00:00:00
694,21,232,DEMO-S21-P0232,NEW,1105.35,24,69,ACTIVE,2026-09-01 00:00:00
695,28,232,DEMO-S28-P0232,REFURBISHED,795.85,23,62,ACTIVE,2026-09-01 00:00:00
696,40,232,DEMO-S40-P0232,USED,552.68,22,60,DRAFT,2026-09-01 00:00:00
697,5,233,DEMO-S05-P0233,NEW,17155.20,13,61,ACTIVE,2026-09-01 00:00:00
698,12,233,DEMO-S12-P0233,REFURBISHED,12351.74,5,54,ACTIVE,2026-09-01 00:00:00
699,24,233,DEMO-S24-P0233,USED,8577.60,10,52,ACTIVE,2026-09-01 00:00:00
700,4,234,DEMO-S04-P0234,NEW,7606.47,1,27,ACTIVE,2026-09-01 00:00:00
701,11,234,DEMO-S11-P0234,REFURBISHED,5476.66,24,20,ACTIVE,2026-09-01 00:00:00
702,23,234,DEMO-S23-P0234,USED,3803.23,12,18,ACTIVE,2026-09-01 00:00:00
703,28,235,DEMO-S28-P0235,NEW,8357.00,10,35,ACTIVE,2026-09-01 00:00:00
704,35,235,DEMO-S35-P0235,REFURBISHED,6017.04,0,28,ACTIVE,2026-09-01 00:00:00
705,7,235,DEMO-S07-P0235,USED,4178.50,9,26,ACTIVE,2026-09-01 00:00:00
706,30,236,DEMO-S30-P0236,NEW,9999.73,7,36,ACTIVE,2026-09-01 00:00:00
707,37,236,DEMO-S37-P0236,REFURBISHED,7199.80,1,29,DRAFT,2026-09-01 00:00:00
708,9,236,DEMO-S09-P0236,USED,4999.86,3,27,ACTIVE,2026-09-01 00:00:00
709,5,237,DEMO-S05-P0237,NEW,316.02,4,43,ACTIVE,2026-09-01 00:00:00
710,12,237,DEMO-S12-P0237,REFURBISHED,227.54,10,36,ACTIVE,2026-09-01 00:00:00
711,24,237,DEMO-S24-P0237,USED,158.01,18,34,ACTIVE,2026-09-01 00:00:00
712,40,238,DEMO-S40-P0238,NEW,1153.37,22,53,DRAFT,2026-09-01 00:00:00
713,7,238,DEMO-S07-P0238,REFURBISHED,830.42,5,46,ACTIVE,2026-09-01 00:00:00
714,19,238,DEMO-S19-P0238,USED,576.68,1,44,ACTIVE,2026-09-01 00:00:00
715,13,239,DEMO-S13-P0239,NEW,450.62,0,50,ACTIVE,2026-09-01 00:00:00
716,20,239,DEMO-S20-P0239,REFURBISHED,324.44,17,43,ACTIVE,2026-09-01 00:00:00
717,32,239,DEMO-S32-P0239,USED,225.31,16,41,ACTIVE,2026-09-01 00:00:00
718,13,240,DEMO-S13-P0240,NEW,1835.53,23,42,ACTIVE,2026-09-01 00:00:00
719,20,240,DEMO-S20-P0240,REFURBISHED,1321.58,21,35,ACTIVE,2026-09-01 00:00:00
720,32,240,DEMO-S32-P0240,USED,917.76,9,33,ACTIVE,2026-09-01 00:00:00
721,12,241,DEMO-S12-P0241,NEW,640.55,1,36,ACTIVE,2026-09-01 00:00:00
722,19,241,DEMO-S19-P0241,REFURBISHED,461.19,15,29,ACTIVE,2026-09-01 00:00:00
723,31,241,DEMO-S31-P0241,USED,320.27,18,27,ACTIVE,2026-09-01 00:00:00
724,19,242,DEMO-S19-P0242,NEW,1661.04,15,22,ACTIVE,2026-09-01 00:00:00
725,26,242,DEMO-S26-P0242,REFURBISHED,1195.95,10,15,ACTIVE,2026-09-01 00:00:00
726,38,242,DEMO-S38-P0242,USED,830.52,0,13,DRAFT,2026-09-01 00:00:00
727,8,243,DEMO-S08-P0243,NEW,30488.70,7,20,ACTIVE,2026-09-01 00:00:00
728,15,243,DEMO-S15-P0243,REFURBISHED,21951.86,1,13,ACTIVE,2026-09-01 00:00:00
729,27,243,DEMO-S27-P0243,USED,15244.35,23,11,ACTIVE,2026-09-01 00:00:00
730,17,244,DEMO-S17-P0244,NEW,1721.89,3,28,ACTIVE,2026-09-01 00:00:00
731,24,244,DEMO-S24-P0244,REFURBISHED,1239.76,6,21,ACTIVE,2026-09-01 00:00:00
732,36,244,DEMO-S36-P0244,USED,860.95,16,19,ACTIVE,2026-09-01 00:00:00
733,9,245,DEMO-S09-P0245,NEW,2054.83,10,39,ACTIVE,2026-09-01 00:00:00
734,16,245,DEMO-S16-P0245,REFURBISHED,1479.48,8,32,ACTIVE,2026-09-01 00:00:00
735,28,245,DEMO-S28-P0245,USED,1027.41,1,30,ACTIVE,2026-09-01 00:00:00
736,3,246,DEMO-S03-P0246,NEW,1638.98,19,33,ACTIVE,2026-09-01 00:00:00
737,10,246,DEMO-S10-P0246,REFURBISHED,1180.06,0,26,ACTIVE,2026-09-01 00:00:00
738,22,246,DEMO-S22-P0246,USED,819.49,17,24,ACTIVE,2026-09-01 00:00:00
739,15,247,DEMO-S15-P0247,NEW,16043.87,4,38,ACTIVE,2026-09-01 00:00:00
740,22,247,DEMO-S22-P0247,REFURBISHED,11551.59,20,31,ACTIVE,2026-09-01 00:00:00
741,34,247,DEMO-S34-P0247,USED,8021.94,10,29,ACTIVE,2026-09-01 00:00:00
742,27,248,DEMO-S27-P0248,NEW,429.08,1,39,ACTIVE,2026-09-01 00:00:00
743,34,248,DEMO-S34-P0248,REFURBISHED,308.94,6,32,ACTIVE,2026-09-01 00:00:00
744,6,248,DEMO-S06-P0248,USED,214.54,17,30,ACTIVE,2026-09-01 00:00:00
745,31,249,DEMO-S31-P0249,NEW,817.95,7,42,ACTIVE,2026-09-01 00:00:00
746,38,249,DEMO-S38-P0249,REFURBISHED,588.93,17,35,DRAFT,2026-09-01 00:00:00
747,10,249,DEMO-S10-P0249,USED,408.98,24,33,ACTIVE,2026-09-01 00:00:00
748,15,250,DEMO-S15-P0250,NEW,8145.06,0,41,ACTIVE,2026-09-01 00:00:00
749,22,250,DEMO-S22-P0250,REFURBISHED,5864.44,1,34,ACTIVE,2026-09-01 00:00:00
750,34,250,DEMO-S34-P0250,USED,4072.53,19,32,ACTIVE,2026-09-01 00:00:00
751,13,251,DEMO-S13-P0251,NEW,3252.46,20,44,ACTIVE,2026-09-01 00:00:00
752,20,251,DEMO-S20-P0251,REFURBISHED,2341.77,22,37,ACTIVE,2026-09-01 00:00:00
753,32,251,DEMO-S32-P0251,USED,1626.23,13,35,ACTIVE,2026-09-01 00:00:00
754,32,252,DEMO-S32-P0252,NEW,871.93,17,39,ACTIVE,2026-09-01 00:00:00
755,39,252,DEMO-S39-P0252,REFURBISHED,627.79,22,32,DRAFT,2026-09-01 00:00:00
756,11,252,DEMO-S11-P0252,USED,435.96,1,30,ACTIVE,2026-09-01 00:00:00
757,28,253,DEMO-S28-P0253,NEW,859.39,19,24,ACTIVE,2026-09-01 00:00:00
758,35,253,DEMO-S35-P0253,REFURBISHED,618.76,16,17,ACTIVE,2026-09-01 00:00:00
759,7,253,DEMO-S07-P0253,USED,429.69,0,15,ACTIVE,2026-09-01 00:00:00
760,34,254,DEMO-S34-P0254,NEW,1221.43,20,34,ACTIVE,2026-09-01 00:00:00
761,1,254,DEMO-S01-P0254,REFURBISHED,879.43,17,27,ACTIVE,2026-09-01 00:00:00
762,13,254,DEMO-S13-P0254,USED,610.71,8,25,ACTIVE,2026-09-01 00:00:00
763,37,255,DEMO-S37-P0255,NEW,1893.23,1,33,DRAFT,2026-09-01 00:00:00
764,4,255,DEMO-S04-P0255,REFURBISHED,1363.12,18,26,ACTIVE,2026-09-01 00:00:00
765,16,255,DEMO-S16-P0255,USED,946.61,17,24,ACTIVE,2026-09-01 00:00:00
766,33,256,DEMO-S33-P0256,NEW,7091.06,11,89,ACTIVE,2026-09-01 00:00:00
767,40,256,DEMO-S40-P0256,REFURBISHED,5105.56,10,82,DRAFT,2026-09-01 00:00:00
768,12,256,DEMO-S12-P0256,USED,3545.53,23,80,ACTIVE,2026-09-01 00:00:00
769,38,257,DEMO-S38-P0257,NEW,1745.49,11,54,DRAFT,2026-09-01 00:00:00
770,5,257,DEMO-S05-P0257,REFURBISHED,1256.75,0,47,ACTIVE,2026-09-01 00:00:00
771,17,257,DEMO-S17-P0257,USED,872.74,19,45,ACTIVE,2026-09-01 00:00:00
772,17,258,DEMO-S17-P0258,NEW,5003.43,18,19,ACTIVE,2026-09-01 00:00:00
773,24,258,DEMO-S24-P0258,REFURBISHED,3602.47,23,12,ACTIVE,2026-09-01 00:00:00
774,36,258,DEMO-S36-P0258,USED,2501.71,10,10,ACTIVE,2026-09-01 00:00:00
775,16,259,DEMO-S16-P0259,NEW,2662.54,11,50,ACTIVE,2026-09-01 00:00:00
776,23,259,DEMO-S23-P0259,REFURBISHED,1917.03,17,43,ACTIVE,2026-09-01 00:00:00
777,35,259,DEMO-S35-P0259,USED,1331.27,1,41,ACTIVE,2026-09-01 00:00:00
778,13,260,DEMO-S13-P0260,NEW,2169.70,5,48,ACTIVE,2026-09-01 00:00:00
779,20,260,DEMO-S20-P0260,REFURBISHED,1562.18,12,41,ACTIVE,2026-09-01 00:00:00
780,32,260,DEMO-S32-P0260,USED,1084.85,10,39,ACTIVE,2026-09-01 00:00:00
781,10,261,DEMO-S10-P0261,NEW,7003.42,0,27,ACTIVE,2026-09-01 00:00:00
782,17,261,DEMO-S17-P0261,REFURBISHED,5042.47,11,20,ACTIVE,2026-09-01 00:00:00
783,29,261,DEMO-S29-P0261,USED,3501.71,13,18,ACTIVE,2026-09-01 00:00:00
784,30,262,DEMO-S30-P0262,NEW,675.43,1,31,ACTIVE,2026-09-01 00:00:00
785,37,262,DEMO-S37-P0262,REFURBISHED,486.31,13,24,DRAFT,2026-09-01 00:00:00
786,9,262,DEMO-S09-P0262,USED,337.71,20,22,ACTIVE,2026-09-01 00:00:00
787,29,263,DEMO-S29-P0263,NEW,1408.51,5,38,ACTIVE,2026-09-01 00:00:00
788,36,263,DEMO-S36-P0263,REFURBISHED,1014.12,7,31,ACTIVE,2026-09-01 00:00:00
789,8,263,DEMO-S08-P0263,USED,704.25,7,29,ACTIVE,2026-09-01 00:00:00
790,33,264,DEMO-S33-P0264,NEW,6092.74,10,88,ACTIVE,2026-09-01 00:00:00
791,40,264,DEMO-S40-P0264,REFURBISHED,4386.77,1,81,DRAFT,2026-09-01 00:00:00
792,12,264,DEMO-S12-P0264,USED,3046.37,0,79,ACTIVE,2026-09-01 00:00:00
793,7,265,DEMO-S07-P0265,NEW,655.15,15,34,ACTIVE,2026-09-01 00:00:00
794,14,265,DEMO-S14-P0265,REFURBISHED,471.71,7,27,ACTIVE,2026-09-01 00:00:00
795,26,265,DEMO-S26-P0265,USED,327.57,9,25,ACTIVE,2026-09-01 00:00:00
796,20,266,DEMO-S20-P0266,NEW,2232.33,5,28,ACTIVE,2026-09-01 00:00:00
797,27,266,DEMO-S27-P0266,REFURBISHED,1607.28,16,21,ACTIVE,2026-09-01 00:00:00
798,39,266,DEMO-S39-P0266,USED,1116.17,1,19,DRAFT,2026-09-01 00:00:00
799,9,267,DEMO-S09-P0267,NEW,359.52,16,58,ACTIVE,2026-09-01 00:00:00
800,16,267,DEMO-S16-P0267,REFURBISHED,258.85,13,51,ACTIVE,2026-09-01 00:00:00
801,28,267,DEMO-S28-P0267,USED,179.76,20,49,ACTIVE,2026-09-01 00:00:00
802,36,268,DEMO-S36-P0268,NEW,705.21,17,46,ACTIVE,2026-09-01 00:00:00
803,3,268,DEMO-S03-P0268,REFURBISHED,507.75,0,39,ACTIVE,2026-09-01 00:00:00
804,15,268,DEMO-S15-P0268,USED,352.60,16,37,ACTIVE,2026-09-01 00:00:00
805,11,269,DEMO-S11-P0269,NEW,1310.78,1,42,ACTIVE,2026-09-01 00:00:00
806,18,269,DEMO-S18-P0269,REFURBISHED,943.76,4,35,ACTIVE,2026-09-01 00:00:00
807,30,269,DEMO-S30-P0269,USED,655.39,9,33,ACTIVE,2026-09-01 00:00:00
808,6,270,DEMO-S06-P0270,NEW,5438.09,16,52,ACTIVE,2026-09-01 00:00:00
809,13,270,DEMO-S13-P0270,REFURBISHED,3915.42,15,45,ACTIVE,2026-09-01 00:00:00
810,25,270,DEMO-S25-P0270,USED,2719.04,21,43,ACTIVE,2026-09-01 00:00:00
811,23,271,DEMO-S23-P0271,NEW,7616.55,3,67,ACTIVE,2026-09-01 00:00:00
812,30,271,DEMO-S30-P0271,REFURBISHED,5483.91,1,60,ACTIVE,2026-09-01 00:00:00
813,2,271,DEMO-S02-P0271,USED,3808.27,21,58,ACTIVE,2026-09-01 00:00:00
814,36,272,DEMO-S36-P0272,NEW,333.73,0,48,ACTIVE,2026-09-01 00:00:00
815,3,272,DEMO-S03-P0272,REFURBISHED,240.28,15,41,ACTIVE,2026-09-01 00:00:00
816,15,272,DEMO-S15-P0272,USED,166.86,18,39,ACTIVE,2026-09-01 00:00:00
817,37,273,DEMO-S37-P0273,NEW,3154.19,3,31,DRAFT,2026-09-01 00:00:00
818,4,273,DEMO-S04-P0273,REFURBISHED,2271.02,14,24,ACTIVE,2026-09-01 00:00:00
819,16,273,DEMO-S16-P0273,USED,1577.09,1,22,ACTIVE,2026-09-01 00:00:00
820,4,274,DEMO-S04-P0274,NEW,361.47,12,39,ACTIVE,2026-09-01 00:00:00
821,11,274,DEMO-S11-P0274,REFURBISHED,260.26,15,32,ACTIVE,2026-09-01 00:00:00
822,23,274,DEMO-S23-P0274,USED,180.73,16,30,ACTIVE,2026-09-01 00:00:00
823,14,275,DEMO-S14-P0275,NEW,1715.32,20,45,ACTIVE,2026-09-01 00:00:00
824,21,275,DEMO-S21-P0275,REFURBISHED,1235.03,20,38,ACTIVE,2026-09-01 00:00:00
825,33,275,DEMO-S33-P0275,USED,857.66,0,36,ACTIVE,2026-09-01 00:00:00
826,7,276,DEMO-S07-P0276,NEW,2043.36,1,41,ACTIVE,2026-09-01 00:00:00
827,14,276,DEMO-S14-P0276,REFURBISHED,1471.22,22,34,ACTIVE,2026-09-01 00:00:00
828,26,276,DEMO-S26-P0276,USED,1021.68,10,32,ACTIVE,2026-09-01 00:00:00
829,13,277,DEMO-S13-P0277,NEW,2030.77,18,46,ACTIVE,2026-09-01 00:00:00
830,20,277,DEMO-S20-P0277,REFURBISHED,1462.15,10,39,ACTIVE,2026-09-01 00:00:00
831,32,277,DEMO-S32-P0277,USED,1015.39,11,37,ACTIVE,2026-09-01 00:00:00
832,22,278,DEMO-S22-P0278,NEW,8985.75,16,22,ACTIVE,2026-09-01 00:00:00
833,29,278,DEMO-S29-P0278,REFURBISHED,6469.74,1,15,ACTIVE,2026-09-01 00:00:00
834,1,278,DEMO-S01-P0278,USED,4492.88,18,13,ACTIVE,2026-09-01 00:00:00
835,12,279,DEMO-S12-P0279,NEW,18140.15,3,33,ACTIVE,2026-09-01 00:00:00
836,19,279,DEMO-S19-P0279,REFURBISHED,13060.91,0,26,ACTIVE,2026-09-01 00:00:00
837,31,279,DEMO-S31-P0279,USED,9070.07,15,24,ACTIVE,2026-09-01 00:00:00
838,3,280,DEMO-S03-P0280,NEW,2372.20,13,54,ACTIVE,2026-09-01 00:00:00
839,10,280,DEMO-S10-P0280,REFURBISHED,1707.99,24,47,ACTIVE,2026-09-01 00:00:00
840,22,280,DEMO-S22-P0280,USED,1186.10,1,45,ACTIVE,2026-09-01 00:00:00
841,21,281,DEMO-S21-P0281,NEW,16674.21,24,62,ACTIVE,2026-09-01 00:00:00
842,28,281,DEMO-S28-P0281,REFURBISHED,12005.43,15,55,ACTIVE,2026-09-01 00:00:00
843,40,281,DEMO-S40-P0281,USED,8337.10,8,53,DRAFT,2026-09-01 00:00:00
844,3,282,DEMO-S03-P0282,NEW,4544.10,17,32,ACTIVE,2026-09-01 00:00:00
845,10,282,DEMO-S10-P0282,REFURBISHED,3271.75,7,25,ACTIVE,2026-09-01 00:00:00
846,22,282,DEMO-S22-P0282,USED,2272.05,22,23,ACTIVE,2026-09-01 00:00:00
847,10,283,DEMO-S10-P0283,NEW,9785.84,0,18,ACTIVE,2026-09-01 00:00:00
848,17,283,DEMO-S17-P0283,REFURBISHED,7045.80,20,11,ACTIVE,2026-09-01 00:00:00
849,29,283,DEMO-S29-P0283,USED,4892.92,3,9,ACTIVE,2026-09-01 00:00:00
850,1,284,DEMO-S01-P0284,NEW,4665.49,15,50,ACTIVE,2026-09-01 00:00:00
851,8,284,DEMO-S08-P0284,REFURBISHED,3359.15,21,43,ACTIVE,2026-09-01 00:00:00
852,20,284,DEMO-S20-P0284,USED,2332.75,21,41,ACTIVE,2026-09-01 00:00:00
853,4,285,DEMO-S04-P0285,NEW,1505.72,24,43,ACTIVE,2026-09-01 00:00:00
854,11,285,DEMO-S11-P0285,REFURBISHED,1084.12,1,36,ACTIVE,2026-09-01 00:00:00
855,23,285,DEMO-S23-P0285,USED,752.86,3,34,ACTIVE,2026-09-01 00:00:00
856,18,286,DEMO-S18-P0286,NEW,6358.65,5,38,ACTIVE,2026-09-01 00:00:00
857,25,286,DEMO-S25-P0286,REFURBISHED,4578.23,23,31,ACTIVE,2026-09-01 00:00:00
858,37,286,DEMO-S37-P0286,USED,3179.33,0,29,DRAFT,2026-09-01 00:00:00
859,35,287,DEMO-S35-P0287,NEW,3410.14,16,39,ACTIVE,2026-09-01 00:00:00
860,2,287,DEMO-S02-P0287,REFURBISHED,2455.30,7,32,ACTIVE,2026-09-01 00:00:00
861,14,287,DEMO-S14-P0287,USED,1705.07,1,30,ACTIVE,2026-09-01 00:00:00
862,31,288,DEMO-S31-P0288,NEW,1594.59,17,24,ACTIVE,2026-09-01 00:00:00
863,38,288,DEMO-S38-P0288,REFURBISHED,1148.11,8,17,DRAFT,2026-09-01 00:00:00
864,10,288,DEMO-S10-P0288,USED,797.30,4,15,ACTIVE,2026-09-01 00:00:00
865,4,289,DEMO-S04-P0289,NEW,588.11,11,33,ACTIVE,2026-09-01 00:00:00
866,11,289,DEMO-S11-P0289,REFURBISHED,423.44,15,26,ACTIVE,2026-09-01 00:00:00
867,23,289,DEMO-S23-P0289,USED,294.05,13,24,ACTIVE,2026-09-01 00:00:00
868,2,290,DEMO-S02-P0290,NEW,1922.18,1,49,ACTIVE,2026-09-01 00:00:00
869,9,290,DEMO-S09-P0290,REFURBISHED,1383.97,0,42,ACTIVE,2026-09-01 00:00:00
870,21,290,DEMO-S21-P0290,USED,961.09,9,40,ACTIVE,2026-09-01 00:00:00
871,14,291,DEMO-S14-P0291,NEW,2267.56,17,46,ACTIVE,2026-09-01 00:00:00
872,21,291,DEMO-S21-P0291,REFURBISHED,1632.64,13,39,ACTIVE,2026-09-01 00:00:00
873,33,291,DEMO-S33-P0291,USED,1133.78,13,37,ACTIVE,2026-09-01 00:00:00
874,27,292,DEMO-S27-P0292,NEW,551.38,15,49,ACTIVE,2026-09-01 00:00:00
875,34,292,DEMO-S34-P0292,REFURBISHED,396.99,1,42,ACTIVE,2026-09-01 00:00:00
876,6,292,DEMO-S06-P0292,USED,275.69,11,40,ACTIVE,2026-09-01 00:00:00
877,30,293,DEMO-S30-P0293,NEW,1269.05,16,43,ACTIVE,2026-09-01 00:00:00
878,37,293,DEMO-S37-P0293,REFURBISHED,913.71,11,36,DRAFT,2026-09-01 00:00:00
879,9,293,DEMO-S09-P0293,USED,634.52,5,34,ACTIVE,2026-09-01 00:00:00
880,33,294,DEMO-S33-P0294,NEW,4959.36,0,100,ACTIVE,2026-09-01 00:00:00
881,40,294,DEMO-S40-P0294,REFURBISHED,3570.74,18,93,DRAFT,2026-09-01 00:00:00
882,12,294,DEMO-S12-P0294,USED,2479.68,1,91,ACTIVE,2026-09-01 00:00:00
883,14,295,DEMO-S14-P0295,NEW,528.35,3,32,ACTIVE,2026-09-01 00:00:00
884,21,295,DEMO-S21-P0295,REFURBISHED,380.41,20,25,ACTIVE,2026-09-01 00:00:00
885,33,295,DEMO-S33-P0295,USED,264.17,4,23,ACTIVE,2026-09-01 00:00:00
886,7,296,DEMO-S07-P0296,NEW,1189.04,14,28,ACTIVE,2026-09-01 00:00:00
887,14,296,DEMO-S14-P0296,REFURBISHED,856.11,10,21,ACTIVE,2026-09-01 00:00:00
888,26,296,DEMO-S26-P0296,USED,594.52,23,19,ACTIVE,2026-09-01 00:00:00
889,2,297,DEMO-S02-P0297,NEW,2076.54,1,52,ACTIVE,2026-09-01 00:00:00
890,9,297,DEMO-S09-P0297,REFURBISHED,1495.11,5,45,ACTIVE,2026-09-01 00:00:00
891,21,297,DEMO-S21-P0297,USED,1038.27,0,43,ACTIVE,2026-09-01 00:00:00
892,6,298,DEMO-S06-P0298,NEW,503.58,23,61,ACTIVE,2026-09-01 00:00:00
893,13,298,DEMO-S13-P0298,REFURBISHED,362.58,4,54,ACTIVE,2026-09-01 00:00:00
894,25,298,DEMO-S25-P0298,USED,251.79,3,52,ACTIVE,2026-09-01 00:00:00
895,3,299,DEMO-S03-P0299,NEW,1142.58,10,39,ACTIVE,2026-09-01 00:00:00
896,10,299,DEMO-S10-P0299,REFURBISHED,822.65,1,32,ACTIVE,2026-09-01 00:00:00
897,22,299,DEMO-S22-P0299,USED,571.29,9,30,ACTIVE,2026-09-01 00:00:00
898,35,300,DEMO-S35-P0300,NEW,5529.25,3,32,ACTIVE,2026-09-01 00:00:00
899,2,300,DEMO-S02-P0300,REFURBISHED,3981.06,22,25,ACTIVE,2026-09-01 00:00:00
900,14,300,DEMO-S14-P0300,USED,2764.62,7,23,ACTIVE,2026-09-01 00:00:00
901,22,301,DEMO-S22-P0301,NEW,1275000.00,10,15,ACTIVE,2026-09-01 00:00:00
902,29,301,DEMO-S29-P0301,REFURBISHED,918000.00,0,8,ACTIVE,2026-09-01 00:00:00
903,1,301,DEMO-S01-P0301,USED,637500.00,1,6,ACTIVE,2026-09-01 00:00:00
904,23,302,DEMO-S23-P0302,NEW,1350000.00,7,16,ACTIVE,2026-09-01 00:00:00
905,30,302,DEMO-S30-P0302,REFURBISHED,972000.00,18,9,ACTIVE,2026-09-01 00:00:00
906,2,302,DEMO-S02-P0302,USED,675000.00,24,7,ACTIVE,2026-09-01 00:00:00
907,24,303,DEMO-S24-P0303,NEW,1425000.00,6,17,ACTIVE,2026-09-01 00:00:00
908,31,303,DEMO-S31-P0303,REFURBISHED,1026000.00,21,10,ACTIVE,2026-09-01 00:00:00
909,3,303,DEMO-S03-P0303,USED,712500.00,9,8,ACTIVE,2026-09-01 00:00:00
910,25,304,DEMO-S25-P0304,NEW,1500000.00,1,18,ACTIVE,2026-09-01 00:00:00
911,32,304,DEMO-S32-P0304,REFURBISHED,1080000.00,17,11,ACTIVE,2026-09-01 00:00:00
912,4,304,DEMO-S04-P0304,USED,750000.00,11,9,ACTIVE,2026-09-01 00:00:00
913,26,305,DEMO-S26-P0305,NEW,1575000.00,0,19,ACTIVE,2026-09-01 00:00:00
914,33,305,DEMO-S33-P0305,REFURBISHED,1134000.00,14,12,ACTIVE,2026-09-01 00:00:00
915,5,305,DEMO-S05-P0305,USED,787500.00,8,10,ACTIVE,2026-09-01 00:00:00
916,27,306,DEMO-S27-P0306,NEW,1650000.00,22,20,ACTIVE,2026-09-01 00:00:00
917,34,306,DEMO-S34-P0306,REFURBISHED,1188000.00,1,13,ACTIVE,2026-09-01 00:00:00
918,6,306,DEMO-S06-P0306,USED,825000.00,22,11,ACTIVE,2026-09-01 00:00:00
919,28,307,DEMO-S28-P0307,NEW,1725000.00,6,21,ACTIVE,2026-09-01 00:00:00
920,35,307,DEMO-S35-P0307,REFURBISHED,1242000.00,8,14,ACTIVE,2026-09-01 00:00:00
921,7,307,DEMO-S07-P0307,USED,862500.00,12,12,ACTIVE,2026-09-01 00:00:00
922,29,308,DEMO-S29-P0308,NEW,1800000.00,6,22,ACTIVE,2026-09-01 00:00:00
923,36,308,DEMO-S36-P0308,REFURBISHED,1296000.00,21,15,ACTIVE,2026-09-01 00:00:00
924,8,308,DEMO-S08-P0308,USED,900000.00,0,13,ACTIVE,2026-09-01 00:00:00
925,30,309,DEMO-S30-P0309,NEW,1875000.00,3,23,ACTIVE,2026-09-01 00:00:00
926,37,309,DEMO-S37-P0309,REFURBISHED,1350000.00,12,16,DRAFT,2026-09-01 00:00:00
927,9,309,DEMO-S09-P0309,USED,937500.00,21,14,ACTIVE,2026-09-01 00:00:00
928,31,310,DEMO-S31-P0310,NEW,1950000.00,24,14,ACTIVE,2026-09-01 00:00:00
929,38,310,DEMO-S38-P0310,REFURBISHED,1404000.00,15,7,DRAFT,2026-09-01 00:00:00
930,10,310,DEMO-S10-P0310,USED,975000.00,15,5,ACTIVE,2026-09-01 00:00:00
931,32,311,DEMO-S32-P0311,NEW,2025000.00,1,15,ACTIVE,2026-09-01 00:00:00
932,39,311,DEMO-S39-P0311,REFURBISHED,1458000.00,9,8,DRAFT,2026-09-01 00:00:00
933,11,311,DEMO-S11-P0311,USED,1012500.00,5,6,ACTIVE,2026-09-01 00:00:00
934,33,312,DEMO-S33-P0312,NEW,1200000.00,21,16,ACTIVE,2026-09-01 00:00:00
935,40,312,DEMO-S40-P0312,REFURBISHED,864000.00,0,9,DRAFT,2026-09-01 00:00:00
936,12,312,DEMO-S12-P0312,USED,600000.00,23,7,ACTIVE,2026-09-01 00:00:00
